中国封建社会政治的基本特征是高度中央集权的（   ）。易,封建君主专制制度,君主立宪制,封建宗法等级制度,宗族家长制,A
中国封建社会宗法等级制度的核心是（   ）。难,夫权,父权,宗族家长制,君权,C
中国封建社会的文化思想体系的核心是（   ）。易,法家思想,道家思想,墨家思想,儒家思想,D
世界历史开始进入资本主义时代的标志性事件是（   ）。易,1640年英国资产阶级革命,1680年俄国彼得一世改革,1789年法国大革命,1868年日本明治维新,A
中国近代史的起点是（   ）。易,第一次鸦片战争,第二次鸦片战争,甲午战争,八国联军侵华战争,A
有人说，英国是用三样武器打开中国大门的，其使用的先后顺序是（   ）。中,商品→鸦片→炮舰,商品→炮舰→鸦片,鸦片→商品→炮舰,炮舰→鸦片→商品,A
鸦片战争爆发前，一位英国殖民者说：“这是把我们将来和这个帝国的商务，安放在稳固而广阔的基础之上的最有希望的机会。”这反映出英国发动鸦片战争的主要目的是（   ）。中,打开中国商品市场,保护鸦片贸易,割占中国领土,争取外交礼仪平等,A
鸦片战争发生的根本原因是（   ）。易,清政府实行闭关政策,禁烟运动打击了英国商人,中国处于封建落后状态,英国要打开中国市场,D
有的西方学者说鸦片战争是“维护商业”的战争，对这种观点评述正确的是（   ）。中①是对战争原因深层次的思考②混淆了现象和本质的关系③为侵略战争辩护④反映了东西方思维方式的不同。,①③,②④,②③,①③④,C
中国近代史以鸦片战争为开端，主要是因为（   ）。难,社会性质开始发生根本变化,长期闭关锁国的局面被打破,中国与西方列强的第一场战争,民族矛盾取代了阶级矛盾,A
近代中国社会的性质是（   ）。易,封建社会,半殖民地半封建社会,半资本主义社会,资本主义社会,B
对近代中国“半殖民地半封建”社会性质的正确理解是（   ）。中,政治上是殖民地，经济上是封建的,既是殖民地又处于封建社会,一半是殖民地，一半是封建社会,有主权但不完整，有封建经济也有资本主义经济,D
近代中国人数最多的被剥削阶级是（   ）。易,农民阶级,工人阶级,小资产阶级,无产阶级,A
资本―帝国主义列强对中国的侵略，首先和主要的是进行（   ）。中,政治控制,经济掠夺,文化渗透,军事侵略,D
我国与列强签订的第一个不平等条约是（   ）。易,《北京条约》,《马关条约》,《南京条约》,《天津条约》,C
1894年11月，（   ）攻陷旅顺后，制造了旅顺大屠杀惨案。中,英军,俄军,日军,美军,C
近代入侵东北并制造了江东六十四屯惨案的国家是（   ）。中,日本,俄国,苏联,美国,B
规定割让香港岛的不平等条约是（   ）。易,《南京条约》,《虎门条约》,《天津条约》,《北京条约》,A
19世纪末20世纪初，帝国主义在中国掀起瓜分中国的狂潮，其中广西成了（   ）的势力范围。难,英国,俄国,法国,德国,C
19世纪末20世纪初，帝国主义在中国掀起瓜分中国的狂潮，其中山东成了（   ）的势力范围。中,英国,日本,法国,德国,D
第一个在中国设立租界的国家是（   ）。中,英国,法国,美国,日本,A
1842年，中英《南京条约》中规定开放的通商口岸是（   ）。中,广州、厦门、福州、南京、上海,广州、汉口、福州、南京、上海,广州、厦门、福州、宁波、上海,广州、汉口、福州、宁波、上海,C
首先规定外国人享有“领事裁判权”的条约是（   ）。中,《五口通商章程》,《天津条约》,《北京条约》,《辛丑条约》,A
规定开放南京为通商口岸的条约是（   ）。难,《南京条约》,《天津条约》,《北京条约》,《辛丑条约》,B
规定开放天津为通商口岸的条约是（   ）。中,《南京条约》,《天津条约》,《北京条约》,《辛丑条约》,C
圆明园被焚毁是在（   ）期间。易,第一次鸦片战争,第二次鸦片战争,甲午中日战争,八国联军侵华战争,B
马克思称第二次鸦片战争是英法海盗式的扩张，最能说明这一点的是（   ）。中,允许外国公使进驻北京,英法联军攻占北京，洗劫焚毁圆明园,获取大量赔款,强迫签订一系列不平等条约,B
“允许外国侵略者招募华工出国”是（   ）中给予列强的特权。难,《北京条约》,《南京条约》,《中法条约》,《辛丑条约》,A
19世纪下半期，沙俄割占中国150多万平方公里领土，主要是通过下列不平等条约实现的（   ）。中①《天津条约》②《瑷珲条约》③中俄《北京条约》④《勘分西北界约记》,①②④,②③④,①③④,①②③④,B
1858年，沙俄侵略者强迫黑龙江将军奕山签订了（   ），将黑龙江以北、外兴安岭以南60万平方公里的中国领土强行霸占，并把乌苏里江以东的中国领土划为中俄共管。中,《瑷珲条约》,中俄《北京条约》,《勘分西北界约记》,《天津条约》,A
1860年沙俄借口“调停有功”，迫使清政府签订（   ），将乌苏里江以东40万平方公里的中国领土划为俄国。中,中俄《北京条约》,《瑷珲条约》,《勘分西北界约记》,《天津条约》,A
允许外国公使常驻北京的条约是（   ）。中,《南京条约》,《北京条约》,《望厦条约》,《天津条约》,D
近代中外反动势力开始勾结起来是在（   ）后。难,第一次鸦片战争,第二次鸦片战争,甲午战争,八国联军侵华战争,B
《马关条约》第六款约定：“清、日两国所有约章，因此次失和，自属废绝。……其两国新订约章，应以清国与泰西各国现行约章为本。”对该条款理解恰当的是日本（   ）。难,主宰中国的局面基本形成,同等享有其他列强在中国的特权,确立其在东亚的领等地位,迫使中国承认中日两国的平等地位,B
把我国领土台湾割让给日本的不平等条约是（   ）。易,《马关条约》,《天津条约》,《北京条约》,《辛丑条约》,A
在《马关条约》中最有利于列强对华经济扩张的条款是（   ）。难,开辟新的内河航线,在苏杭富庶地区开放新的通商口岸,允许日本在通商口岸开设工厂,给于日本巨额赔款,C
近代曾统治台湾半个世纪的国家是（   ）。中,英国,葡萄牙,俄国,日本,D
近代规定列强可以在中国通商口岸投资设厂的条约是（   ）。难,《南京条约》,《天津条约》,《马关条约》,《北京条约》,C
《马关条约》的签订使列强对中国的侵略进入新阶段的主要含义是（   ）。难,由沿海地区进入内地、内河,由商品输出为主变为资本输出为主,列强自此掀起了资本输出和瓜分中国的狂潮,列强自此形成了宰割中国的同盟,C
在《南京条约》、《马关条约》中，共有的款项是（   ）。难①赔款②割地③协定关税④开放通商口岸,①②,①②③,①②④,①②③④,C
近代史上列强从中国勒索赔款最多的条约是（   ）。中,《南京条约》,《北京条约》,《马关条约》,《辛丑条约》,D
《辛丑条约》的签订标志着（   ）。易,中国社会半殖民地半封建化进一步加深,中国完全沦为半殖民地半封建社会,中国开始沦为半殖民地半封建社会,中国半殖民地半封建社会基本形成,B
标志着中国半殖民地半封建社会完全形成的条约是（   ）。易,《南京条约》,《北京条约》,《马关条约》,《辛丑条约》,D
帝国主义列强获得了在中国领土上驻兵的特权是通过（   ）。难,《南京条约》,《北京条约》,《马关条约》,《辛丑条约》,D
近代史上，通过一系列不平等条约割占我国领土最多的国家是（   ）。易,英国,法国,俄国,日本,C
近代史上强迫清政府赔款最多的国家是（   ）。难,英国,法国,美国,日本,D
清朝外务部的前身是（   ）。中,理藩院,礼部,总理衙门,军机处,C
《辛丑条约》签订前，表示要“量中华之物力，结与国之欢心”的清朝统治者是（   ）。易,咸丰皇帝,光绪皇帝,慈禧太后,同治皇帝,C
近代以来，资本―帝国主义列强对中国进行了军事、政治、经济、文化等方面的侵略，损害了中国的国家主权。其中所谓“国中之国”是指（   ）。易,帝国主义在华的势力范围,帝国主义强迫我国开放的通商口岸,租界,帝国主义强迫清政府割让的土地,C
近代，列强在中国建立的第一块租界位于（   ）。中,上海,广州,福州,宁波,A
鸦片战争后，首先被外国侵略者直接控制的是（   ）。难,中国外交,中国内政,中国海关,中国军事,C
下列哪个国家掌握中国海关管理权长达40余年（   ）。难,英国,美国,法国,德国,A
（   ）自1863年入总税务司开始，掌握中国海关大权达40余年之久。难,瓦德西,赫德,李提摩太,伊藤博文,B
以下哪一项不是鸦片战争前中国对英出口的主要商品：（   ）。难,茶叶,生丝,棉花,药材,D
鸦片战争后，中国茶叶和生丝出口数量猛增，这一现象说明的实质是（   ）。易,中国在对外贸易中逐渐变为出超,中国已被卷入资本主义世界市场,自然经济瓦解扩大了市场,茶和丝的生产日益商品化,B
鸦片战争后，中国经济逐渐被卷入世界资本主义市场，对中国的影响不包括（   ）。难,自给自足的自然经济逐步解体。,西方先进的生产技术逐步传入中国。,英国对华输出商品激增。,封建地主土地所有制瓦解。,D
19世纪末资本主义进入帝国主义阶段后，对中国进行经济掠夺的主要形式是（   ）。易,商品输出,资本输出,垄断市场,掠夺廉价劳动力,B
近代外国资本对中国进行资本输出的枢纽是（   ）。中,海关,银行,铁路,矿山,B
近代外国在中国开设的第一家银行是（   ）。难,英国丽如银行,英国汇丰银行,德国德华银行,法国汇丰银行,A
19世纪末到20世纪一十年代，列强中在华投资最多的的国家是（   ）。难,英国,日本,美国,法国,A
鸦片战争时期，曾经担任英军翻译并参与中英《南京条约》起草和谈判的传教士是（   ）。难,利玛窦,郭士立,李提摩太,马赖,B
近代基督教在中国设立的最大的出版机构是（   ）。难,强学会,广学会,南学会,兴中会,B
帝国主义列强对中国进行文化渗透的目的是（   ）。易,传播西方文化和科学,进行传教活动,宣扬殖民主义奴化思想，麻醉中国人民的精神，摧毁中国人民的民族自尊心和自信心。,干涉中国内政,C
为了制造侵略有理的舆论，19世纪末西方帝国主义者炮制了（   ），即中国威胁论。难,“种族优劣论”,“中国扩张论”,“中国睡狮论”,“黄祸论”,D
（   ）是中国近代史上中国人民第一次大规模的反侵略武装斗争。易,三元里人民的武装抗英斗争,抗日战争,义和团反侵略斗争,台湾黑旗军的斗争,A
指挥清军在中越边境前线大败法军，取得镇南关大捷的是（   ）。难,冯子材,邓延桢,林则徐,陈化成,A
黄海海战中英勇作战，最后壮烈牺牲的管带邓世昌所指挥的军舰是（   ）。中,定远号,镇远号,致远号,经远号,C
19世纪70―80年代，帝国主义列强从侵占中国周边邻国发展到蚕食中国边疆地区，中国陷入边疆危机的地区不包括（   ）。难,西北地区,西南地区,东北地区,东南地区,C
德法俄三国一起干涉“还辽”，充分表明（   ）。易,俄法德三国是同盟国,列强有维护中国主权独立的一面,日本已暂时独霸中国,帝国主义国家之间既矛盾又勾结,D
帝国主义列强对中国的争夺和瓜分的图谋，在（   ）爆发后达到高潮。中,鸦片战争,八国联军侵华战争,甲午战争,第二次世界大战,C
帝国主义掀起瓜分中国的狂潮是在（   ）。中,18世纪末,19世纪初,19世纪末,20世纪初,C
在山东巡抚任上，采取血腥手段镇压义和团运动的官员是（   ）。中,毓贤,袁世凯,那桐,刚毅,B
下列对义和团运动的表述错误的是（   ）。中,是农民反帝爱国运动,农民斗争的最高水平,沉重打击了中外反动势力,被中外反动势力联合镇压,B
义和团对后人最具激励作用的是（   ）。易,改良主义思潮,爱国主义精神,排斥外国思想,民主主义精神,B
帝国主义列强并没有能够实现瓜分中国的图谋。其最根本的原因是（   ）。中,帝国主义列强之间的矛盾和互相制约,清政府的奋起还击,中华民族进行的不屈不挠的反侵略斗争,帝国主义列强自动放弃,C
在粉碎列强瓜分中国图谋的斗争中发挥了重大历史作用的事件是（   ）。中,三国干涉还辽,戊戌变法,义和团运动,辛亥革命,C
德国元帅瓦德西说：“无论欧美日本各国，皆无此脑力与兵力，可以统治此天下生灵四分之一，故瓜分一事，实为下策。”这表明（   ）。中,帝国主义放弃灭亡中国的图谋,帝国主义之间相互勾结,帝国主义之间的矛盾,帝国主义瓜分中国图谋的破产,D
瓦德西说：“无论欧美日本各国，皆无此脑力与兵力，可以与兵力可以统治此天下生灵四分之一”，“故瓜分一事，实为下策”。这表明列强（   ）。难①瓜分中国计划破产②已放弃侵略中国的企图③仍需要扶持清政府以华制华④看到了中国人民的不屈斗争。,①④,①②③,①③④,①②③④,C
近代史上被时人称为“中国不败而败”的战争是（   ）。中,中日甲午战争,鸦片战争,中法战争,第二次鸦片战争,C
近代中国人民反对外来侵略斗争失败的最根本原因是（   ）。易,经济技术落后,社会制度腐败,帝国主义实力过于强大,武器装备的落后,B
鸦片战争中萌发了“向西方学习”的新思潮，其核心思想是（   ）。中,“师夷长技以制夷”,实行“君民共主”,开民智，讲西学,民主、科学,A
1839年组织编写成《四洲志》，向中国人介绍西方情况的是（   ）。中,林则徐,魏源,马建忠,郑观应,A
近代中国睁眼看世界的第一人是（   ）。易,魏源,王韬,龚自珍,林则徐,D
提出了“师夷长技以制夷”的思想的人物是（   ）。易,林则徐,魏源,郑观应,康有为,B
“师夷长技以制夷”的主张出自（   ）。易,《资政新篇》,《海国图志》,《四洲志》,《瀛环志略》,B
下列不属于近代中国人民民族意识觉醒的代表作是（   ）。难,《海国图志》,《盛世危言》,《天演论》,《地理大全》,D
有人用“一战而人皆醒矣，一战而人皆明矣”来形容中国人民普遍的民族意识的觉醒。这次使得中国人民普遍的民族意识的觉醒的“一战”是指（   ）。中,第一次鸦片战争,第二次鸦片战争,中日甲午战争,八国联军侵华战争,C
甲午战争后，（   ）在其翻译的《天演论》中用“物竞天择”、“适者生存”的社会进化论思想，为中国的危机意识和民族意识提供了理论根据。易,魏源,康有为,马建中,严复,D
严复1898年翻译出版的《天演论》所宣传的思想是（   ）。易,师夷长技以制夷,中学为体、西学为用,振兴中华,物竞天择、适者生存,D
中国近代第一个系统介绍西学的启蒙思想家、翻译家是（   ）。中,康有为,梁启超,严复,谭嗣同,C
按照中国近代思想的演变过程，排列以下思想主张的顺序（   ）。难①公理未明，即以革命明之；旧俗俱在，即以革命去之②师夷长技以制夷③穷则变，变则通，通则久④中学为体，西学为用,②④③①,①③②④,②③④①,②①④③,A
喊出“振兴中华”这个时代最强音的历史人物是（   ）。难,梁启超,鲁迅,孙中山,毛泽东,C
太平天国之所以是中国农民战争的最高峰，最主要是因为（   ）。中,其规模和延续时间均属空前,建立了与清政府对立的政权,制定了比较完整的革命纲领,对封建王朝的打击空前沉重,C
太平天国运动失败的根本原因是（   ）。易,旧式农民战争的局限性,拜上帝教不合中国国情,在军事策略上率犯错误,对封建王朝打击空前沉重,A
太平天国由盛转衰的标志是（   ）。易,安庆失陷,天京变乱,洪秀全病逝,天京陷落,B
1853年冬太平天国颁布的一个分配制度为核心的社会改革纲领是（   ）。易,《中国土地法大纲》,《兴国土地法》,《天朝田亩制度》,《资政新篇》,C
太平天国后期担任军事指挥的青年将领（   ）。中,杨秀清、石达开,萧朝贵、冯云山,陈玉成、李秀成,石达开、韦昌辉,C
下列太平天国的诸活动中，能与当时世界历史潮流同步的是（   ）。易,颁布《天朝田亩制度》,《资政新篇》,严惩外国侵略者,反对腐朽没落的封建统治,B
天京变乱说明的最基本道理是（   ）。难,农民阶级的领袖缺乏革命的进取心,农民政权内部的斗争不可避免,农民阶级绝对不是一个先进的阶级,小农经济的分散性决定了农民阶级不能形成坚强的领导核心,D
1851年1月，洪秀全率拜上帝教教众发动起义，建号太平天国是在（   ）。易,金田村,桂林,武昌,天京,A
太平天国失败的标志是（   ）。易,北伐的失败,天京事变,天京陷落,洪秀全逝世,C
《天朝田亩制度》的中心内容是（   ）。易,反对帝国主义侵略,推翻清王朝的反动统治,关于土地制度的规定,平均地权,C
李大钊说：“太平天国禁止了鸦片，却采用了宗教，不建设民国，而建设天国，这是他们失败的一个重要原因。”这段话说明太平天国（   ）。难,不能充分依靠人民,缺乏科学理论指导,没有彻底革命精神,没有实行宗教改革,B
在向西方学习问题上，《资政新篇》与《海国图志》的主要区别在于（   ）。易,是否抵御外来侵略,是否学习西方先进技,是否发展资本主义,是否学习西方文明,C
《资政新篇》较之《天朝田亩制度》更具有历史的进步性，主要是指它（   ）。中,更加鲜明地提出不许外邦人干涉中国内政,明确提出要以法治国，由公众选举官吏,主张学习西方，最早提出在中国发展资本主义的方案,促使中国近代第一次思想解放潮流的发生,C
洪秀全在广西发动金田起义的时间是（   ）。易,1851年,1853年,1856年,1864年,A
太平天国农民战争爆发的标志是（   ）。易,金田起义,永安建制,长沙战役,南京定都,A
太平天国运动后期，提出《资政新篇》这一带有资本主义色彩改革方案的是（   ）。易,洪秀全,洪仁\,石达开,李秀成,B
天京事变发生的时间是（   ）。易,1851年,1853年,1856年,1864年,C
19世纪中叶的亚洲民族解放运动中，持续时间最长、规模最大、影响最深的一次是（   ）。中,印度民族大起义,阿富汗人民反英起义,爪哇人民反荷起义,中国太平天国农民起义,D
洋务运动之所以没有达到“师夷长技以自强”的目的，是因为（   ）。易,沿用传统的生产管理方式,局限于引进西方先进科技,外国资本的积压,没有相对稳定的“和平环境”,B
洋务派不主张进行政治变革的根本原因是（   ）。中,看不到资本主义制度的先进性,认为富国强兵就可以改变一切,其大多数靠镇压太平天国起家,他们本身是封建大官僚大地主,D
洋务运动未能使中国走上富强的根本原因是：（   ）易,没有触动封建生产关系,单纯学习西方科技以求自强,没有采用资本主义生产管理制度,西方列强极力阻碍破坏,A
洋务运动对中国社会近代化进程最主要的影响是：（   ）难,开始了中国早期工业化的进程,初次实现了“师夷长技”的思想,建立了中国近代第一支海军,促成了清朝统治集团内部的分化,A
洋务派创办民用企业的直接目的是：（   ）中,发展民族工商业,解决军事工业资金、燃料等方面的困难,抵制外国经济势力的扩张,充实国库，弥补财政亏空,B
洋务运动破产的根本原因是：（   ）易,西方列强的破坏,在中央缺乏一个健全、有力的领导核心,顽固派的阻挠,引进西方技术设备，而没有变革封建制度,D
李鸿章是中国近代史上的一个重要人物，他镇压了太平军和捻军起义，签订了《中法新约》、《中日马关条约》和《辛丑条约》等一系列不平等条约，在许多方面负有不可推卸的责任。但李鸿章仍有值得肯定之处，其中最为典型的是（   ）难,掀起“向西方学习”的新思潮,是洋务运动的主要实践者,与顽固派进行论,率兵收复新疆,B
19世纪60年代，清朝中央统治集团中倡导洋务的首领人物是（   ）。易,奕D,桂良,曾国藩,李鸿章,A
19世纪60年代，清朝统治集团中倡导洋务的地方实力派首领人物是（   ）。易,奕D,桂良,曾国藩,李鸿章,D
洋务运动在中央的支持机构是（   ）。中,总理各国事务衙门,军机处,海关总税务司,理藩院,A
19世纪60年代到90年代，洋务派兴办洋务事业的指导思想是（   ）。中,师夷长技以制夷,中学为体，西学为用,物竞天择，适者生存,变法维新，救亡图存,B
洋务派的主张是（   ）。易,利用西方先进科学技术来维护清朝统治,利用西方先进技术抵抗西方侵略,利用西方先进思想改造中国社会,引进西方先进制度改造中国社会,A
洋务运动前期，李鸿章创办的近代军事工业是（   ）。中,安庆军械所,江南制造总局,福州船政局,天津机器制造局,B
对洋务运动的下列评价中，不正确的是（   ）。易,客观上刺激中国资本主义的发展,对外国经济的扩张起了一些抵制作用,使中国走上资本主义道路,引进西方先进技术，培养了一批科技人才,C
清政府的海军主力是哪一支舰队（   ）易,福建水师,广东水师,北洋水师,南洋水师,C
对洋务派兴办洋务事业的指导思想最先作出比较完整表述的是（   ）。中,林则徐,魏源,李鸿章,冯桂芬,D
19世纪中后期，被清朝统治者视为“心腹之害”的威胁是（   ）。难,英国,俄国,太平天国,日本,C
19世纪末，梁启超撰写的宣传变法维新主张的著作是（   ）。中,《新学伪经考》,《变法通议》,《孔子改制考》,《仁学》,B
戊戌变法运动的突出历史功绩在于（   ）。易,挽救民族危亡,推行了资本主义的政治改革,促进思想启蒙,极大发展资本主义经济,C
19世纪末维新变法从一种思潮得以发展成为一场政治运动，关键是（   ）。易,维新派发展资本主义的主张符合历史发展趋势,维新派争取到光绪帝的支持,维新派拥有广泛的阶级基础,维新派把维新变法与救亡图存结合起来,D
中国近代第一次思想解放潮流的是（   ）。易,洋务派与顽固派的论战,维新派与顽固派的论战,革命派与保皇派的论战,“问题”与“主义”的论战,B
变法维新运动产生的社会条件是（   ）。易,地主、官僚办洋务，中国近代军用、民用工业的产生,中国半殖民地半封建社会的形成,中国民族资本主义有了初步发展,自给自足自然经济的解体,C
变法维新运动的性质是（   ）。中,资产阶级领导的反帝爱国运动,资产阶级领导的反封建运动,洋务运动的继续,资产阶级领导的一次改良主义政治运动,D
在维新派推动下实行“戊戌变法”的清帝是（   ）。易,咸丰皇帝,同治皇帝,光绪皇帝,宣统皇帝,C
维新派代表了哪一个阶级的利益和要求（   ）。易,农民阶级,资产阶级,工人阶级,地主阶级,B
晚清有御史上奏折称：“今日人心浮动，民主民权之说日益猖獗。若准各省纷纷立会，恐闻风而起，其患不可胜言。”这个奏折针对的是（   ）。难,太平军,洋务派,维新派,义和团,C
标志着维新变法开始实施的事件是（   ）。中,公车上书,康有为创办万木草堂,光绪皇帝颁布“明定国是”谕旨,梁启超主笔《时务报》,C
19世纪末，谭嗣同撰写的宣传变法维新主张的著作是（   ）。中,《新学伪经考》,《变法通议》,《孔子改制考》,《仁学》,D
中国资产阶级领导的民主革命进入到一个新阶段的标志是（   ）易,兴中会的成立,华兴会的成立,光复会的成立,中国同盟会的成立,D
1905年至1907年，资产阶级革命派与改良派论战的焦点是（   ）易,要不要打倒列强,要不要实行共和,要不要以革命手段推翻清政府,要不要废科举，兴学堂,C
1905年，中国同盟会创办的机关报是（   ）易,《民报》,《新民丛报》,《时务报》,《国闻报》,A
1911年，标志辛亥革命达到高潮的起义是（   ）易,惠州起义,河口起义,广州起义,武昌起义,D
1911年5月，清政府成立责任内阁，这个内阁被讥为（   ）易,贵族内阁,立宪内阁,影子内阁,皇族内阁,D
蔡元培担任会长的资产阶级革命团体是（   ）中,兴中会,同盟会,华兴会,光复会,D
1904年至1905年，为了争夺在华利益而在中国东北进行战争的帝国主义国家是（   ）易,美国与俄国,美国与英国,英国与日本,日本与俄国,D
我国的科举制度正式废除于（   ）易,1905年,1906年,1907年,1908年,B
20世纪初，在民主革命思想传播中发表《驳康有为论革命书》的是（   ）中,邹容,章炳麟,陈天华,严复,B
近代中国历史上第一个全国性的资产阶级革命政党是（   ）易,兴中会,中国同盟会,中华革命党,中国国民党,B
1905年11月，登载孙中山论述三民主义学说的报刊是（   ）中,《时务报》,《二十世纪之支那》,《民报》,《苏报》,C
清朝政府宣布实行“新政”的时间是（   ）易,1901年,1906年,1908年,1911年,A
辛亥革命时期，资产阶级革命派的阶级基础是（   ）中,买办资产阶级,官僚资产阶级,城市小资产阶级,民族资产阶级,D
20世纪初年，邹容发表的宣传民主革命思想的著作是（   ）中,《驳康有为论革命书》,《革命军》,《警世钟》,《猛回头》,B
提出“驱除鞑虏，恢复中华，建立民国，平均地权”的政治纲领的是（   ）易,兴中会,华兴会,光复会,同盟会,D
清末“新政”未能挽救清朝灭亡命运的根本原因是（   ）难,“新政”只是骗局，从来没有真正实行,清政府借“新政”之名增加税收，引起人民反抗,列强反对中国实行“新政”，制造障碍,“新政”不能解决当时的各种社会矛盾,D
孙中山领导辛亥革命的指导思想是（   ）易,民族主义、民权主义、民生主义,驱除鞑虏、恢复中华,建立民国、平均地权,联俄，联共，扶助农工,A
三民主义的核心是（   ）中,民族主义,民权主义,民生主义,创立民国,B
在20世纪初出现的资产阶级革命组织中，孙中山领导的同盟会是第一个资产阶级革命政党，因为它（   ）易,成立时间早,实现了革命团体的大联合,使资产阶级革命进入一个新阶段,有明确的资产阶级革命纲领和组织,D
本世纪初第一场发生在中国的帝国主义战争是（   ）难,东北地区,山东半岛,东南沿海,长江流域,A
下列各项属于孙中山“三民主义”中“民生主义”的是（   ）中,反对满洲贵族，反对民族压迫,推翻君主专制政体，建立国民政府,国民有言论、集会、著作自由,核定地价、征收地租税，向地主收买土地,D
下列不属于三民主义内容的是（   ）易,民族主义,民权主义,民生主义,民主主义,D
近代中国首先提出“振兴中华”口号的是（   ）易,康有为,洪秀全,林则徐,孙中山,D
新旧民主主义革命的根本区别是（   ）中,领导阶级不同,领导方法不同,所处时代不同,革命性质不同,A
科举制是清政府在下列哪次活动中废除的？（   ）中,洋务运动,戊戌变法,清末“新政”,“预备仿行宪政”,C
三民主义要解决的主要问题是（   ）中,中华民族和帝国主义的矛盾,封建主义和人民大众的矛盾,民族资产阶级和满洲贵族的矛盾,革命派和立宪派的矛盾,B
对“民权主义”理解正确的是（   ）难,推翻清王朝的封建专制统治,进行政治革命，推翻封建帝制，建立资产阶级共和国,平均地权、核定地价,打击帝国主义在华势力,B
革命派和改良派论战的内容有要不要（   ）中  ①以革命手段推翻清王朝 ②推翻帝制，实行共和   ③进行民主革命   ④进行社会革命,①③④,②③④,①②④,①②③,C
中国同盟会政治纲领中“驱逐鞑虏，恢复中华”的实质意义是（   ）难,反清复明,反满兴汉,反对民族压迫,反对清政府的封建统治,D
清末的“预备立宪”与维新派主张的君主立宪的主要区别是（   ）难,维护君主制度,加强君主专制,仿效欧美政体,缓和国内矛盾,B
孙中山在《民报》发刊词中提出了三民主义，它（   ）。中,表达了社会各阶层的政治经济要求,明确提出了民族、民主、反帝思想,是比较完整的中国民主革命的纲领,提出了民主革命时期彻底的土地纲领,C
孙中山认为，西方国家贫富不均、劳资矛盾尖锐、“社会革命其将不远”，中国应该防患于未然，因此他提出了（   ）难,民族主义,民权主义,民生主义,民粹主义,C
在近代中国，系统阐释了民生思想并把它作为纲领的政治派别是（   ）中,地主阶级洋务派,资产阶级维新派,资产阶级立宪派,资产阶级革命派,D
清末“预备立宪”的根本目的在于（   ）中,仿效欧美政体,发展资本主义,延续自身统治,缓和阶级矛盾,C
袁世凯窃夺辛亥革命成果后，于1914年5月炮制了（   ）易,《戒严法》,《中华民国约法》,《钦定宪法大纲》,《暂行新刑律》,B
中国历史上第一部具有资产阶级共和国宪法性质的法典是（   ）易,《中华民国临时约法》,《中华民国约法》,《钦定宪法大纲》,《中华民国宪法》,A
1911年4月，资产阶级革命派在黄兴带领下举行了（   ）中,惠州起义,黄花岗起义,护国战争,护法战争,B
在1911年爆发的保路运动中，规模最大、斗争最激烈的省份是（   ）易,四川,湖南,广东,湖北,A
武昌起义胜利后被推举为湖北军政府都督的是（   ）易,黄兴,黎元洪,孙中山,章太炎,B
武昌起义后，建立的政权是（   ）易,湖北军政府,湖北咨议局,中华民国政府,南京临时政府,A
武昌起义爆发后，控制大部分地方政权的是（   ）中,革命党人,北洋军阀和旧官僚,袁世凯的亲信,立宪派和旧官僚,D
孙中山领导的辛亥革命实现了20世纪中国第一次历史性巨变，因为这次革命（   ）难,推翻了统治中国2000多年的君主专制政体,确立了资产阶级民主共和制度,给予了人民充分的民主和自由权利,结束了帝国主义在中国的殖民统治,A
在中国历史上规定立法、行政、司法三权分离政治体制的第一个文件是（   ）易,《中华民国临时约法》,《钦定宪法大纲》,《中华民国约法》,《中国民国宪法》,A
武昌起义的主力是（   ）易,同盟会会员,留学生,新军,人民大众,C
1911年4月在广州发生的起义所以被称为“黄花岗起义”是因为（   ）难,起义是在黄花岗发动的,起义军去进攻设在黄花岗的清军要塞,起义中牺牲的烈士后被葬在黄花岗,起义是在黄花岗失败的,C
孙中山颁布的《中华民国临时约法》规定，中华民国的主权属于（   ）易,总统,议会,内阁,全体国民,D
下列关于南京临时政府成立时国内政局的表述，正确的是（   ）中,全国各省区均已宣布独立,清朝皇帝已决定退位,革命派掌握了各省的政权,袁世凯已掌握了清政府的实权,D
以孙中山为代表的资产阶级革命派创立的中华民国，在政治体制方面仿效的西方国家是（   ）中,美国,英国,俄国,德国,A
南京临时政府颁布《临时约法》的目的之一是限制袁世凯的权力，体现这一目的的主要规定是（   ）难,主权属于国民全体,立法、行政、司法三权分立,实行总统制,实行责任内阁制,D
南京临时政府成立后，承认清政府与列强签订的一切不平等条约，其目的是（   ）难,打破列强的外交封锁,换取列强的支持,尽快稳定国内政局,争取列强严守中立,B
叶圣陶在一则日记中写到：“课毕后阅报纸，见专电栏中有云：武昌已为革命党所据，新军亦起而相应……从此而万恶之政府即以推倒，亦未可知也。”日记中的“万恶之政府”指（   ）难,清政府,南京临时政府,北洋政府,南京国民政府,A
辛亥革命取得的最大成就是（   ）易,推翻了封建帝制,促进了资本主义的发展,使人民获得了一些民主自由权利,打击了帝国主义的殖民势力,A
南京临时政府中占领导和主体地位的派别是（   ）易,资产阶级维新派,资产阶级保皇派,资产阶级立宪派,资产阶级革命派,D
同盟会发动的起义中，影响最大的是（   ）中,刘道一领导的萍浏醴起义,秋瑾、徐锡麟领导的浙皖起义,孙中山、黄兴领导的镇南关起义,黄兴领导的广州黄花岗起义,D
辛亥革命的中坚力量是（   ）中,资产阶级工商业者,华侨,会党,以留学生为骨干的青年知识分子,D
1914年7月，孙中山在东京正式成立了（   ）中,兴中会,中国同盟会,中华革命党,中国国民党,C
为反对袁世凯刺杀宋教仁和“善后大借款”，1913年孙中山等人发动了（   ）中,二次革命,护国战争,护法运动,北伐战争,A
辛亥革命失败的根本原因是（   ）易,帝国主义的破坏,南京临时政府的涣散和软弱,袁世凯的政治欺骗和军事压力,资产阶级的软弱性和妥协性,D
使孙中山对军阀势力有了比较深刻的认识并得出“南与北如一丘之貉”的结论是在（   ）事件之后难,二次革命,护国战争,反张勋复辟,护法运动,D
辛亥革命爆发后英美列强积极扶植袁世凯的主要原因是（   ）中,清政府已经无可救药,袁世凯较清政府更加忠实于帝国主义,革命党人损害了列强的在华利益,认为袁世凯有能力维持中国“国内秩序”,D
民国初年两次帝制复辟失败的共同原因是（   ）难,资产阶级力量强大,孙中山高举反复辟旗帜,北洋军阀内部矛盾激化,经过辛亥革命民主共和的观念深入人心,D
“二次革命”的导火线是（   ）易,宋教仁被刺,段祺瑞拒绝恢复《临时约法》,袁世凯称帝,张勋复辟闹剧,A
被誉为“革命军中马前卒”的（   ）写了《革命军》号召人民推翻清王朝，建立“中华共和国”难,黄兴,宋教仁,邹容,陈天华,C
辛亥革命的失败是指（   ）中,没有完成反帝反封建的任务,没有推翻清政府的统治,没有打击帝国主义的在华势力,没有促进中国革命的向前发展,A
组织“护国军”，发起护国运动的人是（   ）易,孙中山,黄兴,蔡锷,宋教仁,C
为了让对方支持他复辟帝制，袁世凯与哪个国家签定严重丧权辱国的“二十一条”？（   ）中,英国,法国,美国,日本,D
1917年悍然拥立废帝溥仪，复辟清朝的封建军阀是（   ）易,袁世凯,张勋,段祺瑞,张作霖,B
孙中山对民主革命的一个重要贡献是（   ）中,辛亥革命中对袁世凯进行了不妥协的斗争,辛亥革命后为维护民主共和制度进行了武装斗争,向共产国际建议实行国共合作,领导了北伐战争,B
1912年春，南京临时政府颁布的《中华民国临时约法》（   ）易,宣告了中华民国的成立,标志清王朝统治的结束,宣布废除清政府与列强签订的一切不平等条约,标志中国第一部资产阶级民主宪法的诞生,D
下列关于二次革命、护国运动和护法运动的表达，不正确的是（   ）难,都是国民党直接领导的,都是为了维护辛亥革命的成果,都反对北洋军阀的反动统治,最终都未取得成功,A
1915年梁启超发表《异哉所谓国体问题者》一文是（   ）难,对武昌起义后建立中华民国表示异议,为清朝统治辩护,反对袁世凯复辟帝制,反对黎元洪继任总统,C
辛亥革命后同盟会改组为国民党。该党赢得国会选举，但未能组阁，直接原因是（   ）难,宋教仁遇刺身亡,《临时约法》被废止,国民党被解散,军阀割据混战,A
民国初年两次帝制复辟失败的共同原因是（   ）中,资产阶级力量强大,孙中山高举反复辟旗帜,北洋军阀内部矛盾激化,全国人民一致反对,D
民国初年，以孙中山为首的革命党人为争取和维护民主共和制度而采取的斗争方式有①举行双边谈判②采用政党政治③运用法律手段④进行武装斗争（   ）难,①②③,①②④,②③④,①②③④,D
日本胁迫袁世凯接受“二十一条”，受到中国人民的坚决反对。日本要求：“延长旅顺、大连及南满铁路、安奉铁路的期限为99年，并承认日本在东三省南部及内蒙古东部的特殊权利”，其主要目标是（   ）难,强化在朝鲜半岛的殖民统治,加强对俄国的军事力量,吞并东北，作为侵华战争基地,建立伪满洲国,C
1912年将同盟会改组为国民党的是（   ）易,孙中山,李烈钧,黄兴,宋教仁,D
下列民国初期的重要历史事件，按时间顺序排列正确的是（   ）难①护国运动②“二次革命”③袁世凯称帝④宋教仁遇刺,①②③④,④②③①,③①④②,②④①③,B
“万户涕泪，一人冠冕，其心尚有共和两字存耶？既忘共和，即称民贼。”这是1915年底一篇宣言中的内容，发表此宣言的是（   ）难,梁启超,康有为,孙中山,袁世凯,C
新文化运动兴起的标志是（   ）易,《青年杂志》的创办,民主和科学口号的提出,胡适发表《文学改良刍议》,李大钊发表《庶民的胜利》,A
五四运动的中心由北京转移到上海后，运动的新特点是（   ）易,商人罢市,学生大规模罢课,工人阶级登上政治舞台,运动取得初步胜利,C
五四运动爆发的直接导火线是（   ）易,北洋军阀接受日本提出的“二十一条”,北洋军阀与日本签订“西原借款”合同,巴黎和会上中国外交的失败 ,华盛顿会议上中国外交的受挫,C
在中共第一次全国代表大会上，选举陈独秀为（   ）易,中央局书记,中央执行委员会委员长,中央委员会总书记,中央委员会主席,A
第一个中国共产党早期组织建立于（   ）易,上海,北京,武汉,长沙,A
中共一大确定的党的中心任务是（   ）易,实现共产主义,加强无产阶级国际团结,领导和组织工人运动,推翻资产阶级政权,C
中共一大召开的时间是1921年（   ）易,7月1日,7月23日,7月28日,7月31日,B
中共一大确定的任务与目标包括（   ）难①领导工人运动②打倒封建军阀③争取民族独立④实现社会主义和共产主义,②③④,①②③,①④,①②③④,C
国共两党第一次合作的政治基础是（   ）易,关于民主的联合阵线的决议,旧三民主义,新三民主义,新民主主义,C
制定了彻底的反帝反封建的民主革命纲领的中共代表大会是（   ）中,一大,二大,三大,四大,B
标志着第一次国共合作的破裂和大革命的失败的事件是（   ）易,“四一二政变”,“七一五分共”,“八一”南昌起义,“三二”事件,B
1924年11月，出任黄埔军校政治部主任是（   ）难,周恩来,廖仲恺,邓演达,聂荣臻,A
1922年召开的中共二大第一次明确提出了（   ）易,实现共产主义的最高纲领,新民主主义革命总路线,反帝反封建的民主革命纲领,土地革命总路线,C
中国共产党领导的中国工人运动第一个高潮的起点是（   ）易,香港海员罢工,安源路矿工人罢工,京汉铁路工人罢工,省港工人罢工,A
1927年，蒋介石在上海制造了捕杀共产党员和革命群众的（   ）易,中山舰事件,整理党务案,四一二政变,七一五政变,C
1923年2月，中国共产党领导的工人罢工斗争是（   ）易,香港海员罢工,安源路矿工人罢工,京汉铁路工人罢工,省港工人罢工,C
中国共产党确定第一次国共合作和建立革命统一战线方针的会议是（   ）中,中共三大,中共四大,中共五大,中共六大,A
第一次国共合作建立后，全国范围大革命风暴兴起的标志是（   ）易,护法战争,五四运动,北伐战争,五卅运动,D
以第一次国共合作为基础的国民革命统一战线正式形成的标志是（   ）易,中共二大的召开,中共三大的召开,中国国民党一大的召开,中国国民党二大的召开,C
1922年，中共二大第一次明确提出了（   ）易,实现共产主义的最高纲领,新民主主义革命的总路线,土地革命的总路线,反帝反封建的民主革命纲领,D
1911年至1925年间建立的下列政权中，不具有革命性质的是（   ）中,南京临时政府,北京政府,湖北军政府,广州国民政府,B
中共二大制定民主革命纲领的依据（   ）易,中共的中心任务,中共的奋斗目标,中国的社会性质和革命性质,中国无产阶级的特点,C
中共二大提出了党的民主革命纲领表明（   ）易,党的宗旨发生了变化,党在实践中走向成熟,党在不断修正自己的错误,党对中国国情的认识加深,D
中共二大提出了资产阶级小资产阶级政党从没有采用过的革命方法是（   ）中,群众路线,统一战线,武装斗争,党的建设,A
国民革命后期，陈独秀右倾机会主义放弃无产阶级领导权，尤其是放弃了党对（   ）。中,农民的领导,资产阶级左翼的领导,革命武装的领导,小资产阶级的领导,C
1923年6月，中国共产党第三次全国代表大会集中讨论的问题是（   ）中,挽救革命失败的问题,工农联盟问题,无产阶级在民主革命中的领导权问题,国共合作，建立革命统一战线的问题,D
1927年3月，领导上海工人第三次武装起义的人是（   ）易,刘少奇,李大钊,毛泽东,周恩来,D
大革命时期的统一战线和抗日民族统一战线（   ）难,都有共同的政治纲领,均采取党内合作方式,全具有反帝反封建性质,皆有各阶级阶层广泛参加,D
中国共产党成立后，“中国革命的面貌焕然一新”，其“新”主要表现在（   ）难①以马克思主义为指导②以武装斗争为主要方法③提出彻底的反帝反封建的纲领④以社会主义、共产主义为远大目标,①③④,①②③④,①④,①③,A
1924年初召开的中国国民党“一大”（   ）难①主要讨论国民党改组问题②同意共产党员以个人身份加入国民党，实行党内合作③标志着革命统一战线的正式建立④国民大革命运动的开始,①③,①②③④,①②,②③,B
1924-1926年国民党的性质是（   ）中,民族资产阶级政党,工人、农民、小资产阶级、民族资产阶级政党,大地主大资产阶级政党,官僚资产阶级政党,B
大革命给中国共产党的最深刻的经验教训是必须（   ）中,警惕统一战线内部的野心家,和农民结成巩固的工农联盟,提出能团结多数的革命口号,独立自主地掌握革命的领导权,D
大革命中哪一城市的工人阶级接连举行了三次武装起义？（   ）易,天津,武汉,广州,上海,D
大革命开始时的革命根据地在何处？（   ）中,湖南,广东,广西,江西,B
1922年中共二大提出民主革命纲领，其主要内容是（   ）中①推翻帝国主义压迫②打倒军阀③统一中国④平均地权,①②④,①③④,①②③,①②③④,C
中国共产党能够明确提出反帝反封建的民主革命纲领，最主要的原因是（   ）中,工人运动遭受挫折,党具有广泛的群众基础,党正确分析了国情,共产国际的支持,C
1927年大革命失败了。这里所说的失败，主要是指（   ）中,反帝反封建的革命任务没有完成,蒋介石、汪精卫背叛革命,共产党内右倾机会主义占了上风,工农运动转入低潮,A
第一次国共合作得以实现的条件有（   ）难①共产党需要团结各种力量作为革命同盟军②中国国民党在当时各政党中“比较是革命的民主派”③共产国际提出了实行国共合作的建议④“打倒列强，除军阀”成为全国人民的共同愿望,①②,①②③,①②④,①②③④,D
第一次国共合作采取了共产党员以个人身份加入国民党的党内合作方式，最早提出这种方式的是（   ）易,共产国际,中国共产党,孙中山,廖仲恺,A
与以往军校相比，黄埔军校的特点有（   ）难①聘请外国军事教官②政治教育与军事训练同等重要③开设自然科学课程④国共两党合作的产物,①②③,①③④,①④,②④,D
1923年中共三大就国共合作问题决定（   ）中,共产党员以个人身份加入国民党,同国民党实行党外合作,帮助国民党改组，使之成为民族资产阶级政党,必须坚持共产党在统一战线中的领导权,A
孙中山的新三民主义成为国共两党合作的政治基础，因为它（   ）中,发展了“联俄、联共、扶助农工”的三大政策,增加了反对帝国主义侵略和平均地权的内容,与中国共产党民主革命纲领的基本原则相一致,是在中国共产党和共产国际指导下形成的,C
孙中山晚年强调“革命尚未成功，同志仍需努力”的历史背景是（   ）难①袁世凯窃取革命果实②列强在华享有各种特权③北洋政府名曰“共和”实为专制④中国处于割据混战局面,①②③,②③④,①②④,①③④,B
国民革命运动中，政府机构几经变化。1927年初国民革命高潮时的政府机构是（   ）难,陆海军大元帅府,广州国民政府,武汉国民政府,南京国民政府,C
下列孙中山的民族主义主张在今天仍具现实意义的是（   ）难①“联合世界上以平等待我之民族，共同奋斗②“（中国人民）一律平等，无种族阶级宗教之区别③“驱除鞑虏之后，光复我民族的国家”④“异种残之，外邦逼之，民族主义……殆不可以须臾缓”,①②,①③,②④,③④,A
面对北洋军阀的统治，几经挫折的国民党和共产党都认识到，必须以武装的革命对付武装的反革命。为此，国民党在1924年采取的重要措施是（   ）难,与共产党合作建立国民革命军,与共产党合作建立北伐军,与共产党合作改组国民党,与共产党合作建立军事学校,D
最近，美国斯坦福大学胡佛研究所公布了蒋介石1917年至1931年的日记，吸引了各国学者的关注。蒋介石在此时期的日记里可能涉及的事件是（   ）中,参加北伐战争,拒绝张杨兵谏,组织淞沪会战,出席开罗会议,A
十年对峙时期，红色政权能够发展壮大的主要原因是（   ）中,建立于敌人力量薄弱的山区,当时新旧军阀混战激烈,得到了大量的国际援助物资,坚持了工农武装割据的思想,D
1927年大革命失败后，中国共产党确定土地革命和武装斗争方针的会议是（   ）易,西湖会议,八七会议,古田会议,遵义会议,B
1928年，毛泽东主持制定中国共产党第一个土地法是在（   ）易,井冈山,瑞金,古田,永新,A
1927年，中共八七会议确定的总方针是（   ）易,推翻北洋军阀的黑暗统治,开辟农村革命根据地,开展土地革命和武装反抗国民党反动派,建立工农民主统一战线,C
1935年1月，中国共产党召开的具有历史转折意义的会议是（   ）易,八七会议,古田会议,遵义会议,洛川会议,C
1928年12月，在东北宣布“改易旗帜”、归顺南京国民政府的是（   ）易,孙传芳,张学良,吴佩孚,张作霖,B
中国共产党独立领导革命战争、创建人民军队的开端是（   ）易,南昌起义,秋收起义,广州起义,百色起义,A
1928年，毛泽东主持制定的中国共产党历史上第一个土地法是（   ）易,《井冈山土地法》,《兴国土地法》,《关于清算、减租及土地问题的指示》,《中国土地法大纲》,A
1928年10月，国民党中央常务委员会通过了（   ）易,《中华民国临时约法》,《中华民国约法》,《军政纲领》,《训政纲领》,D
毛泽东提出“枪杆子里面出政权”是在（   ）易,四一二政变时,南昌起义时,八七会议上,秋收起义时,C
1927年，蒋介石在南京建立政权，其性质是（   ）易,资产阶级政权,官僚资产阶级政权,地主阶级政权,大地主大资产阶级政权,D
国民党在形式上统一中国，在全国范围内建立了自己统治的标志是（   ）易,宁汉合流,皇姑屯事件,东北易帜,国民党中央常务委员会通过《训政纲领》,C
国民革命失败以后，中国革命的直接斗争目标是推翻（   ）易,地主阶级,国民党反动统治,资产阶级,帝国主义,B
毛泽东关于农村包围城市、武装夺取政权的革命道路理论的提出，标志着毛泽东思想（   ）易,开始萌芽,初步形成,达到成熟,系统完善,B
毛泽东1927年写了一首词“军叫工农革命，旗号镰刀斧头。地主重重压迫，农民个个同仇。秋收时节幕云愁，霹雳一声暴动”，这首词赞颂的是（   ）难,上海工人起义,南昌起义,秋收起义,广州起义,C
20世纪30年代，中国共产党内最早提出反对教条主义的任务的领导人是（   ）中,毛泽东,刘少奇,周恩来,张闻天,A
从大革命失败到土地革命战争兴起的转折是：（   ）易,遵义会议,瓦窟堡会议,中共六大,八七会议,D
中国共产党认为中国革命的基本问题是（   ）中,农民问题,工人问题,民族资产阶级问题,党的问题,A
井冈山根据地的建立与巩固（   ）。中,开辟了农村包围城市，武装夺取政权的道路,是土地革命战争开始的标志,是中国共产党独立领导武装斗争的开端,确立了党对军队的绝对领导,A
在1931年毛泽东制定的土地革命路线中，对富农的政策是（   ）。中,消灭富农,联合富农,限制富农,保护富农,C
1927年8月7日的八七会议在选出了以（   ）为书记的中央临时政治局。易,毛泽东,周恩来,瞿秋白,陈独秀,C
在什么失败后部队开始转移战略方向，决心向力量薄弱的农村区域转移，开始创建井冈山农村革命根据地的斗争？（   ）易,南昌起义,广州起义,秋收起义,土地革命,C
“共产党现时最主要的任务是有系统地有计划地尽可能在广大区域中准备农民总暴动……工人阶级应时刻领导并参加武装暴动。”上述中国共产党“八七”会议决议表明（   ）难,中国共产党的工作重心由城市转入农村,中国共产党正式确立了工人阶级的领导地位,中国共产党确定了武装反抗国民党的方针,中国共产党的思想理论基础发生了根本变化,C
1927年南昌起义的最大意义在于（   ）中,开始与国民党反动派武装对抗,确立党对军队的绝对领导,建立了第一个无产阶级革命政权,开创了“工农武装割据”的革命道路,A
南昌起义、秋收起义、广州起义最重要的意义是（   ）中,打响了反抗国民党统治的第一枪,建立了第一个苏维埃政权,中共开始有了独立武装力量,确立了党对军队的绝对领导,C
南昌起义、秋收起义、广州起义中得出的深刻教训是（   ）中,必须武装反抗国民党反动派,必须建立党对军队的绝对领导,必须建立新型的人民军队,走适合中国国情的革命道路,D
八七会议前后，中共发动的几次大规模武装起义均以夺取大城市为目标，这种情况表明（   ）中,我党在城市拥有相对强大的革命力量,敌人在某些大城市力量不足,我党的革命道路脱离实际,我党尚未充分认识到农民是革命的动力,C
土地革命战争时期、毛泽东指出：“一国之内，在四周白色政权的包围中，有一小块或若干小块红色政权的区域长期地存在，这是世界各国从来没有的事。这种奇事的发生，有其独特的原因。”红色政权能够存在和发展的根本原因是（   ）难,中国是一个经济政治发展极端不平衡的半殖民地半封建大国,国民革命的政治影响及良好的群众基础,全国革命形势的继续发展,相当力量的正式红军的存在以及共产党组织的坚强有力和正确领导,A
毛泽东实际上否定了“城市中心论”，确立了“以乡村为中心”的思想的文章是（   ）难,《星星之火，可以燎原》,《中国的红色政权为什么能够存在？》,《反对本本主义》,《井冈山的斗争》,A
国共十年对峙前期，中共建立的革命根据地主要集中在江南地区，主要是因为这一地区（   ）难,中外反动势力力量较弱,国民大革命时期有良好的群众基础,一直是中共中央所在地,地理环境适宜建立农村革命根据地,B
在井冈山地区建立全国第一个农村革命根据地的时间是（   ）易,1927年8月,1927年9月,1927年10月,1928年4月,C
据1927年11月统计，全党党员人数由1927年5月中共五大时的（   ）多人锐减到10000多人。难,87000,67000,57900,78000,C
1930年5月，中共中央机关刊物《红旗》发表署名信件，明确提出共产党应当以大部分力量甚至全副力量去发展（   ）。难,乡村工作,城市工作,调查工作,土地革命,A
“没有调查，没有发言权”，是毛泽东在（   ）中提出的。易,《井冈山的斗争》,《星星之火，可以燎原》,《反对本本主义》,《实践论》,C
“农村包围城市”的革命道路理论，形成于（   ）中,国民革命时期（1924-1927年）,土地革命时期（1927-1937年）,抗日战争时期（1937-1945年）,解放战争时期（1946-1949年）,B
针对党内“红旗到底打得多久”的疑问，毛泽东撰写《中国的红色政权为什么能够存在》等著述，作出了肯定的回答。毛泽东所说的红色政权，最先建立的是（   ）易,中央革命根据地,井冈山革命根据地,川陕革命根据地,川陕甘革命根据地,B
毛泽东提出“中国革命斗争的胜利要靠中国同志了解中国情况”的文章是（   ）中,《中国的红色政权为什么能够存在？》,《井冈山的斗争》,《星星之火，可以燎原》,《反对本本主义》,D
八七会议后，作为中央特派员去湖南领导秋收起义的是（   ）易,周恩来,毛泽东,朱德,贺龙,B
1931年当选为中华苏维埃共和国临时中央政府主席的是（   ）易,毛泽东,周恩来,项英,王稼祥,A
1931年1月至1935年1月，中国共产党内出现的主要错误倾向是（   ）中,“左”倾盲动主义,“左”倾冒险主义,“左”倾教条主义,右倾保守主义,C
1935年10月，中央红军结束长征并同红十五军团胜利会师于（   ）易,四川懋功地区,西康甘孜地区,甘肃会宁、静宁,陕北吴起镇,D
1936年10月，中国工农红军三大主力胜利会师是在（   ）易,四川懋功地区,甘肃会宁、静宁将台堡,西康甘孜地区,陕北吴起镇,B
遵义会议后接替博古担任中共中央总负责人的是（   ）易,毛泽东,周恩来,张闻天,王稼祥,C
1931年11月，中国共产党在江西瑞金召开的重要会议是（   ）易,中共六届四中全会,红四军第九次党的代表大会,中华苏维埃第一次全国代表大会,赣南会议,C
1934年中国工农红军第五次反“围剿”斗争失败后，率先开始战略转移的是（   ）易,红十五军团,红一方面军,红二方面军,红四方面军,B
1935年1月，中国共产党在遵义会议上解决的主要问题是（   ）中,军事和组织问题,思想和作风问题,政治和军事问题,筹款和征兵问题,A
遵义会议后，中共中央政治局成立了新的三人团负责红军的军事行动，其成员是（   ）难,周恩来、毛泽东、朱德,朱德、毛泽东、王稼祥,周恩来、毛泽东、王稼祥,周恩来、毛泽东、张闻天,C
中国工农红军长征的直接原因是（   ）易,中共失去了广大人民的支持,中共认识到北上抗日的重要性,第五次反“围剿”的失利,中共仍未找到夺取革命胜利的道路,C
毛泽东说“长征”是宣传队，意思是指（   ）中,长征使中国革命转危为安,红军战胜了党内分裂的危机,长征途中，宣传了马克思主义和抗战的主张,长征为中国革命的继续发展奠定了基础,C
万里长征是中国工农红军进行的伟大战略转移，这里的“转移”是指（   ）中,中国革命的性质发生了变化,党的工作重心发生了转移,革命中心地区发生了转移,中国革命的任务发生了变化,C
长征初期，博古等犯的错误是（   ）中,御敌于国门之外,分兵防御,短促突击,退却中的逃跑主义,D
中国共产党建立工农苏维埃政权是在（   ）中,国民革命时期,土地革命战争时期,抗日战争时期,解放战争时期,B
结束王明的‘左’倾机会主义在党中央的统治，确立了毛泽东的领导地位的重要会议是（   ）易,八七会议,遵义会议,瓦窑堡会议,中共七大,B
“遵义会议在事实上确立了以毛泽东为核心的党中央的正确领导”，这主要是指（   ）中,会议确认了毛泽东军事思想的正确性,毛泽东被选举为党的最高领导人,会议独立自主地运用毛泽东思想解决了党内长期存在的问题,会后由毛泽东掌握了军事领导权,A
导致中共长征的根本原因（   ）易,实行战略转移,反围剿失利,中共左倾错误一时泛滥,独立领导武装斗争,C
遵义会议于（   ）召开，成为中国革命的历史转折。易,1935年1月15日,1934年8月7日,1933年10月26日,1927年8月1日,A
中央红军主力开始长征后，哪些人率领中央根据地留下的部分红军在南方坚持进行艰苦的游击战争？（   ）易,毛泽东周恩来,周恩来朱德,项英陈毅,博古李德,C
前三次的反围剿斗争中，红一方面军在谁的指挥下，实行“诱敌深入，避敌主力，打其虚弱”等战术，连续粉碎了国民党的三次围剿？（   ）易,贺龙叶挺,周恩来朱德,朱德刘伯承,毛泽东朱德,D
遵义会议是中国共产党从幼稚走向成熟的标志，主要由于它（   ）难,结束了“左”倾错误在中央的统治,在军事上确定了以毛泽东为核心的新的党中央的正确领导,在生死关头妥善地处理了党内当时最主要的问题,保证了长征转移的胜利,C
“红军不怕远征难，万水千山只等闲”。当年红军“远征”的直接原因是（   ）难,把革命火种播撒到西部，扩大革命原地,东北沦陷，华北告急！中华民族危机空前,“避其主力，打其虚弱”，集中优势兵力歼灭敌人,红军第五次反围剿失利，被迫实行战略转移,D
遵义会议就红军未能粉碎敌人的第五次“围剿”，损失惨重的主要原因展开了激烈的争论，多数与会者认为是由于（   ）中,敌我力量对比悬殊,红军尚无作战方针,军事指挥严重失误,敌军采用碉堡战术,C
从1927年7月大革命失败到1935年1月遵义会议召开前，“左”倾错误在党中央领导机关取得统治地位有（   ）易,三次,二次,一次,四次,A
1930年6月，中共中央政治局通过的一次决议中说：“中国政治经济的根本危机，在全国任何一处是同样继续尖锐化，没有丝毫根本的区别，因此在中心城市爆发了伟大的工人斗争，必然形成全国革命高潮……争取一省和几省首先胜利……没有工人阶级的罢工高潮，没有中心城市的武装暴力，绝不能有一省与几省的胜利。”上述材料（   ）难,正确分析了中国革命高潮即将到来的必然趋势,正确分析了中国社会矛盾激化的状况,制定了中国无产阶级斗争的正确策略方针,反映了中国共产党领导脱离中国革命实际的思想方法,D
王明等人的“左”倾教条主义错误，使红军和根据地损失了90%，国民党统治区党的力量几乎损失了（   ）。易,90%,80%,70%,100%,D
1929年4月制定的《兴国土地法》对《井冈山土地法》的一个原则性纠正是（   ）难,改土地归工农民主政府所有为归农民自己所有,改没收一切土地为没收一切公共土地及地主阶级的土地,改按人口平分土地为按劳动力分配土地,改“抽多补少”为“抽肥补瘦”,B
长征途中，中共中央同红四方面军领导人＿＿＿分裂中央、分裂红军的严重错误进行了坚决的斗争。（   ）易,张国焘,周佛海,汪静卫,陈独秀,A
下列土地政策，符合1931年毛泽东制定的土地革命路线的是（   ）中,“一切私有土地完全归组织或苏维埃国家的劳动平民所公有”,“农民分得的土地不得转让买卖”,“没收公共土地及地主阶级土地分配给农民所有”,“没收富农土地，归苏维埃国家所有”,C
一位美国记者赞叹道：每一场革命都有它自身的传奇，毛泽东率领数万工农红军所完成的战略转移，就是中国革命史上的伟大传奇。他所说的“伟大传奇”是指（   ）易,秋收起义,井冈山会师,第五次反围剿,长征,D
在第二次国内革命战争时期，中国共产党领导下的土地革命（   ）中,实行地主减租减息，农民交租交息的政策,变封建的土地所有制为人民的土地所有制,实行耕者有其田的土地政策,变半封建的土地所有制为农民的土地所有制,D
中华苏维埃政府实行的政治制度是（   ）中,政治协商制度,各级工农兵代表大会制度,人民代表会议制度,人民代表大会制度,B
1931年11月召开，错误地把毛泽东排除在中央根据地红军领导地位之外的会议是（   ）易,遵义会议,赣南会议,中共六届四中全会,八七会议,B
中央红军和中共中央机关开始长征是在（   ）易,1934年10月,1935年10月,1936年10月,1937年10月,A
率领北上抗日先遣队的是（   ）易,叶挺,方志敏,陈毅,项英,B
遵义会议后代替博古对党负总责的是（   ）易,毛泽东,周恩来,王稼祥,张闻天,D
“平均地权”、“耕者有其田”的主张由孙中山最先提出，但在民主革命时期卓有成效付诸实施的是中国共产党。这主要取决于后者（   ）易,同情农民疾苦,否定了封建土地所有制,抑制贫富不均,制定了可行的土地纲领,D
红军胜利结束长征实现了战略大转移的标志是（   ）易,同红四方面军会师于懋功,同红十五军团会师于吴起镇,红二、六军团合编为红二方面军,红军三大主力会合,D
中国近现代史上，日本曾两度发动侵华战争，分别是（   ）。易①鸦片战争②第二次鸦片战争③甲午中日战争④抗日战争,①②,②④,③④,①④,C
20世纪30年代，一曲凄怆的《松花江上》唱遍大江南北、长城内外。歌中唱到：“我的家在东北松花江上，……从那个悲惨的时候，脱离了我的家乡，抛弃那无尽的宝藏，流浪！流浪！整日价在关内流浪。”歌中的“那个悲惨的时候”是指（   ）。中,九一八事变,七七事变,南京大屠杀,淞沪会战,A
1931年，日本发动“九一八”事变攻占的城市是（   ）。易,锦州,沈阳,长春,大连,B
“‘攘外安内’蒋主张，夜赠领土百万方，金陵城头发乱令，叫尔小民做羔羊……”，与该歌谣创作背景有关的历史事件是（   ）。中,九一八事变,百团大战,卢沟桥事变,台儿庄战役,A
为提醒大家牢记九一八事变，勿忘国耻，居安思危，我国每年都在9月18日鸣放防空警报。当年，日本制造这一事变的借口是（   ）。易,皇姑屯事件,柳条湖事件,八一三事变,一名士兵失踪,B
下列关于九一八事变的影响，不正确的是（   ）。中,它使中国东北沦为日本殖民地,它促使中国的社会矛盾开始发生变化,它促使中共立即作出国共合作共同抗日的主张,它是日本灭亡中国计划的一部分,C
溥仪执政的伪满洲国的性质是（   ）。易,奴隶主阶级政权,封建割据政权,军阀割据政权,日本的傀儡政权,D
日军占领南京后制造震惊世界的大屠杀，被杀害的中国军民人数达（   ）万以上。易,10,20,30,40,C
抗战期间，日本帝国主义在沦陷区大肆进行经济掠夺的直接目的是（   ）。易,积累发展资本主义的资本,实行中日经济提携,转嫁20世纪30年代经济大危机,解决战争需要，以战养战,D
日本侵略者实行奴化教育的根本目的是（   ）。中,宣传法西斯主义,培养和训练反共人员,欺骗舆论，缓和民族矛盾,实现其民族同化政策,D
《东史郎日记》（日）记载：“在（南京）马群镇警戒的时候，我们听说俘虏们被分配给各个中队，每一个中队两三百人，已自行处死。”“七千人的生命（俘虏）转眼之间就从地球上消失，这是个不争的事实。”对这段话的理解正确的是（   ）。中,是道听途说的，不符合事实,可供研究南京大屠杀的情况使用,真实反映了淞沪会战的惨烈场景,说明中国开始进入抗日战争时期,B
1938年10月，日本侵略军占领广州、武汉后改变了侵华战略方针，这是因为（   ）。中,日军战线太长，兵力与财力不足,英美等国政府支援强国抗战,国民政府在抗日问题上出现动摇,汪精卫成立了效忠日本的伪政权,A
在日本局部侵华过程中，促进中华民族的觉醒，标志着中国人民抗日救亡新高潮到来的事件是（   ）。易,九一八事变,一・二八事变,一二・九运动,华北事变,C
张学良、杨虎城发动西安事变的主要目的是（   ）。易,逼迫蒋介石下台,要求蒋介石联共抗日,推翻国民政府的统治,建立无产阶级政权,B
西安事变得以和平解决的根本原因是（   ）。中,中共的努力工作,蒋介石态度的转变,中日民族矛盾的上升,美国对蒋介石施加压力,C
1936年（   ），张学良、杨虎城发动西安事变，扣留了蒋介石。中,10月10日,11月11日,12月1日,12月12日,D
某知识竞赛的试题中出现了这样一组词语：“华清池、兵谏、联共抗日、和平解决”，由此判断，该题正确答案是（   ）。易,北伐战争,南昌起义,重庆谈判,西安事变,D
捉蒋――英雄壮举；放蒋――大局为重；送蒋――情真意切。与此评价相关的人物是（   ）。易,彭德怀,李宗仁,张学良,周恩来,C
推动了国共两党停止内战、再度合作，成为由国内战争走向全民族抗战的关键的历史事件是（   ）。中,九一八事变,西安事变,七七事变,重庆谈判,B
下列作品中直接反映标志着全国性抗日战争开始事件的是（   ）。中,歌曲《我的家在东北松花江上》,诗句“宛平城外狼狗叫，卢沟桥上枪声急。”,诗句“鲜血凝固的那个时候，长江呜咽钟山悲泣……三十万冤魂，在地狱中哭泣。”,电影《甲午风云》,B
日本发动全面侵华战争的标志是（   ）。易,九一八事变,华北事变,卢沟桥事变,一・二八事变,C
中共确定建立抗日民族统一战线的方针是在（   ）。易,八七会议,遵义会议,瓦窑堡会议,洛川会议,C
“一年半以前，中国还面临着再次爆发大规模内战的威胁，而现在，几个旅行中的英国人却感觉到，眼前这个国家比历史上任何时候都显得更团结。人们第一次发现，民意正在中国凝聚。”这段材料反映的是（   ）。难,1927年后的国内形势,九一八事变后的国内形势,七七事变后的国内形势,抗日战争胜利后的国内形势,C
七七事变后全民族的抗战开始，对此理解正确的是（   ）。中,中国军队开始抵抗,国民政府正式宣战,日本旨在侵略全中国,引起全国人民的广泛抗战,D
以国共合作为基础的抗日民族统一战线正式建立的标志是（   ）。中,西安事变的和平解决,中国工农红军改编为八路军、新四军,国民政府发表自卫宣言,国民党公布中共中央提交的国共合作宣言,D
1937年8月，根据国共两党协议，在西北的中国工农红军主力改编为八路军，总指挥是（   ）。易,项英,叶挺,彭德怀,朱德,D
1937年8月，南方红军和游击队，除琼崖红军游击队外，改编为国民革命军陆军新编第四军，（   ）任军长。易,陈毅,叶挺,刘少奇,项英,B
1937年8月，根据国共两党协议改编后八路军三个师的师长是（   ）。难,林彪、刘伯承、贺龙,林彪、刘伯承、徐向前,林彪、陈毅、贺龙,叶剑英、刘伯承、贺龙,A
电视剧《中国兄弟连》讲述了这样一个故事：一次战役后国民党军队一个连去营救被日军围困的情报人员，与新四军的一支游击队在途中恰好相遇，两支“友军”在抗击日军的过程中联合杀敌成为生死兄弟。此种情景最有可能出现在（   ）。难,九・一八事变后的东北地区,华北事变后的华北地区,西安事变和平解决时的西北地区,七七事变后的江南地区,D
抗战初期，国共两个战场的相同之处是（   ）。中,采用了相同的抗战路线,进行了积极抵抗,积极动员组织民众抗战,建立抗日民主政权,B
下列城市被日军侵占的先后顺序是（   ）。难,北平、天津、南京、上海,天津、北平、南京、上海,北平、天津、上海、南京,北平、上海、天津、南京,C
抗战以来，中国军队取得胜利的战役有（   ）。中①平型关战役②淞沪会战③台儿庄战役④百团大战,①②③④,①②③,①③④,②③④,C
“万里长征，辞却了，五朝宫阙。暂驻足，衡山湘水，又成离别。绝徼移栽桢干质，九州遍洒黎元血……待驱除仇寇，复神京，还燕碣。”这首大学校歌出现的时期应是（   ）。难,1912―1919年,1920―1926年,1927―1936年,1937―1945年,D
美国《时代》1938年1月3日载：“……每位关心要闻的读者都知道，在1937年，日本的战争机器……在上海被卡住了13个星期之久，它的时间表第一次被中国的战争机器粉碎了。”这段话描述的历史事件是（   ）。难,卢沟桥抗战,淞沪会战,太原会战,台儿庄战役,B
日本发动大规模侵华战争后，李宗仁对部下说：我们在内战中搅了20多年……黑白不分，是非不分，败虽不足耻，胜亦不足武。现在真是天如人意，让我们这些人这辈子有个抗日救国的机会。这里的救国机会是指（   ）。中,卢沟桥事变,平型关伏击,台儿庄战役,百团大战,C
抗日战争初期，国民政府正面战场取得最大胜利的战役是（   ）。易,淞沪会战,太原会战,台儿庄战役,百团大战,C
抗日战争中，指挥国民党军队在台儿庄战役中取得重大胜利的国民党将领是（   ）。易,何应钦,傅作义,李宗仁,陈明仁,C
张敏同学对抗日战争初期的一场战役作了如下描述：战场位于徐州东北60千米，北连津浦路，南接陇海线，战略地位重要。战役从1938年3月开始，敌我双方展开拉锯战。近20天后，中国军队歼敌两个最精锐的师团，取得抗战以来的最大胜利。该战役为（   ）。中,淞沪会战,台儿庄战役,百团大战,枣宜会战,B
台儿庄战役和百团大战胜利的意义相同方面是（   ）。中①沉重打击了日寇②激发了全国人民的抗战热情③是国民党正面战场的一次重大胜利④提高共产党和八路军的威望,①③,②③,①②,①④,C
1940年在枣宜会战中壮烈殉国的第三十三集团军总司令是（   ）。中,张自忠,佟麟阁,孙立仁,戴安澜,A
中国远征军入缅作战时英勇殉国的陆军第二00师师长是（   ）。难,张自忠,佟麟阁,孙立仁,戴安澜,D
1940年5月，国民党爱国将领张自忠在一次会战中与日寇奋战九昼夜，壮烈殉国，周恩来称为“全国军人楷模”。这场会战是（   ）。中,淞沪会战,太原会战,徐州会战,枣宜会战,D
1942年，中国远征军协同盟军对日作战的地点是（   ）。难,印度,缅甸,越南,泰国,B
下列史实按时间先后排列应是（   ）。难①淞沪会战②《论持久战》发表③七七事变④台儿庄战役,④③②①,④③①②,③①④②,①③②④,C
下列史实按时间顺序排列正确的是（   ）。难①淞沪会战开始②平型关大捷③台儿庄战役④南京陷落,①②③④,①②④③,②③①④,②①④③,B
国民党五届五中全会召开后，蒋介石一再强调：“制裁共党活动，就在运用民众力量，党政机关避免直接出面，尤其避免党派斗争之痕迹。”这表明国民政府（   ）。中,公开主张打击共产党,既要反共，又不敢彻底决裂,借民众力量限制共产党发展,既要反共，又要避免舆论谴责,B
从北伐战争到抗日战争时期，国民政府所在地迁移的顺序是（   ）。难,广州――南京――武汉――重庆,广州――武汉――南京――重庆,广州――武汉――重庆――南京,广州――南京――重庆――南京,B
制定抗日救国十大纲领、确立全面抗战路线的会议是（   ）。易,遵义会议,延安会议,瓦窑堡会议,洛川会议,D
1940年8月，领导八路军发起百团大战的指挥人是（   ）。中,邓小平,粟裕,彭德怀,王震,C
有一支军队的军歌歌词是“扬子江头淮河之滨，任我们纵横的驰骋；深入敌后百战百胜，汹涌着杀敌的呼声”。这支军队是（   ）。难,八路军,新四军,义勇军,抗日联军,B
1938年，毛泽东发表（   ）的讲演，系统阐明了持久抗战的总方针。中,《论持久战》,《抗日游击战争的战略问题》,《论人民民主专政》,《新民主主义论》,A
毛泽东发表《论持久战》的根本目的是（   ）。中,驳斥亡国论和速胜论,动员全民族的一切力量抗战,指出抗日战争的艰苦性,为人民指明抗战的正确道路,D
毛泽东在《论持久战》中提出的中国取得抗战最后胜利的根本途径是（   ）。中,国共合作，维护统一战线,发动全国人民，实行人民战争路线,利用中国的战争正义性，争取外援,反对“亡国论”和“速胜论”，坚持抗战,B
毛泽东在《论持久战》中指出，抗日战争取得胜利最关键的阶段是（   ）。难,战略防御阶段,战略相持阶段,战略反攻阶段,战略决战阶段,B
中共提出全面抗战路线，其主要内容是（   ）中,政府与军队共同努力作战,在一切日军占领区都进行抵抗,海外华侨业参加抗战,动员全民族一切力量进行抗战,D
下列关于敌后战场，叙述不正确的是（   ）。易,敌后战场实行全面抗战路线,敌后战场是由中国共产党开辟的,敌后战场抗击着大量日军，严重威胁着敌人后方,与国民党正面战场相比，敌后战场的贡献比较小,D
毛泽东认为：游击战争在抗日战争中具有（   ）地位。中,重要,战术,战略,次要,C
中国军队取得抗战以来第一个重大胜利的战役是（   ）。易,平型关战役,台儿庄战役,百团大战,万家岭战役,A
1937年9月，八路军一一五师主力在（   ）一带附近伏击日本侵略军，取得全民族抗战以来中国军队的第一次重大胜利。易,雁门关,阳明堡,平型关,娘子关,C
1937年八路军（   ）在雁门关以南伏击日军，有力地配合了国民党军队在正面战场的作战。难,一一五师,一二0师,一二九师,新四军,B
1937年9月，八路军（   ）主力在平型关一带附近伏击日本侵略军，取得全民族抗战以来中国军队的第一次重大胜利。易,一一五师,一二0师,一二九师,二00师,A
某年《新华日报》华北版头条刊载了蒋介石的嘉奖电：“朱（德）副长官、彭（德怀）副总司令：迭电均悉，贵部窥破好机，断然出击，予敌甚大打击，特电嘉勉。仍希……勿予敌喘息机会，彻底断绝其交通为要！”这份嘉奖电的背景是（   ）。难,红军长征胜利,正面战场取得抗战以来的最大胜利,百团大战取得阶段性胜利,日本被迫宣布无条件投降,C
某年9月6日重庆《大公报》社评：“自上月20日以来，我军在北方发动了大规模的运动战。平汉、正太、同蒲三路同时发动反攻，铁路到处被破坏，冀晋豫三省同时报捷。斩获既多，并克复了重要据点。”据此推断该战事应是（   ）。难,百团大战,平型关战役,太原会战,台儿庄战役,A
抗战开始后，新四军挺进长江南北，开赴苏南、皖南、皖中地区，创建（   ）抗日根据地。中,冀鲁豫,山东,华中,豫皖苏,C
“地道战”、“地雷战”、“鸡毛信”出现在哪个历史时期？（   ）易,北伐战争,解放战争,抗日战争,十年内战,C
皖南事变后，中共中央重建新四军军部，被任命的政治委员是（   ）。中,陈毅,陈赓,刘少奇,项英,C
1942年1月，中共中央《关于土地政策的决议》中规定：“在对富农减租减息后，同时需要交租交息，并保障富农的人权、政权、地权、财权。”中共作出这一决策的最主要目的是（   ）。难,减少土地改革的阻力,巩固扩大抗日民族统一战线,恢复发展农村经济,调动农民支援革命的积极性,B
抗战时期党的土地路线是（   ）。中,地主减租减息，农民交租交息,没收地主土地,依靠贫雇农，联合中农，限制富农，消灭地主阶级,耕者有其田,A
“如今的南泥湾，与呀往年不一般，再不是旧模样，是陕北的好江南……”歌曲《南泥湾》反映的是（   ）。中,中央革命根据地的反“围剿”斗争,抗日根据地开展的大生产运动,抗日根据地实行的民主选举制,新中国建立初期的土地改革运动,B
下列关于延安整风运动的表述，不准确的是（   ）。难,在思想上清算了“左”的和右的错误,实行了“惩前毖后，治病救人”的方针,确立毛泽东思想为全党的指导思想,为新民主主义革命在全国的胜利奠定了思想基础,C
延安整风运动最重要的任务是（   ）。中,反对主观主义以整顿学风,反对宗派主义以整顿党风,反对党八股以整顿学风,确立毛泽东思想为全党的指导思想,A
抗日战争时期，根据地政权的民主建设主要体现为（   ）。中,建立中华苏维埃共和国,实行“三三制原则”,开展整风运动,推行精兵简政政策,B
大革命时期的统一战线和抗日民族统一战线（   ）。中,都有共同的政治纲领,均采取党内合作的方式,全具有反帝反封建性质,皆有各阶级阶层广泛参加,D
全面抗战路线和片面抗战路线的根本分歧是（   ）。易,要不要国民党军队参加抗战,要不要共产党军队参加抗战,要不要放手发动群众参加抗战,要不要民主党派参加抗战,C
1945年4月，出席联合国制宪会议中国代表团中的解放区代表是（   ）。难,周恩来,刘少奇,董必武,王若飞,C
敦促日本无条件投降的会议是（   ）。中,开罗会议,德黑兰会议,波茨坦会议,雅尔塔会议,C
抗日战争进入大反攻的时间是（   ）。易,1942年,1943年,1944年,1945年,D
下列关于抗战胜利的意义评述不恰当的是（   ）。难,是鸦片战争以来中国抵御外敌入侵取得的第一次完全胜利,为世界反法西斯战争的胜利做出了巨大贡献,中国的国际地位得到提高，成为中华民族由危亡走向振兴的历史转折点,结束了中国半殖民地半封建社会的历史,D
日本宣布无条件投降的时间是l945年（   ）。易,8月15日,9月2日,9月9日,10月25日,A
经过八年浴血奋战，中国人民终于取得了抗日战争的伟大胜利。其重大意义是（   ）。中①近代史上第一次取得完全胜利的民族解放战争②洗雪了近代以来的民族耻辱，增强了民族自尊心③成为中华民族由衰败到重新振兴的转折点④标志着新民主主义革命的胜利，中国人民从此站起来了,①②③,①③④,①②④,①②③④,A
下列关于抗战胜利的意义评述不恰当的是（   ）。中,是中国百年来第一次反对外来侵略的完全胜利,结束了半殖民地的历史,为世界反法西斯战争作出了贡献,提高了中国的国际地位,B
《大公报》载文说:“几千年来，中国人所怀抱的观念是‘天下'，是‘家族’，近代西方的民族意识和国家观念，始终没有打入我们老百姓的骨髓里……（今天）我们从亡国灭种的危机中，开始觉悟了中国民族的整体性和不可分性。这是民族自觉史的开端，是真正的新中国国家的序幕”。该文发表的历史背景是（   ）。易,甲午战争爆发,中华民国建立,抗日战争爆发,中华人民共和国成立,C
抗日战争胜利后，中国社会的主要矛盾是（   ）。中,中美民族矛盾,中日民族矛盾,无产阶级同资产阶级的矛盾,中国人民同美帝国主义支持的国民党反动派间的矛盾,D
《双十协定》的签订，中共取得的战略优势是（   ）。中,获得了自卫战争的准备时间,解放区获得了合法地位,赢得了民主党派的支持,取得了政治上的主动地位,D
重庆谈判的焦点问题是（   ）。难,人民军队和解放区的合法地位问题,要不要和平建国的问题,实行宪政、结束训政的问题,人民的民主、自由权利的问题,A
全面内战爆发的标志是国民党（   ）。易,撕毁《双十协定》,进攻中原解放区,进攻上党地区,撕毁停战协定,B
毛泽东提出“一切反动派都是纸老虎”的著名论断，针对的是（   ）。易,打垮国民党的历次反革命军事围剿,国民党顽固派制造皖南事变等反共浪潮,日本帝国主义被迫宣布无条件投降,内战初期国民党在军事和经济方面占有明显优势,D
抗战胜利后，蒋介石三次电邀毛泽东去重庆谈判的最主要原因是（   ）。中,广大人民要求实现和平民主,迫于国内外反对内战的舆论压力,内战准备工作尚未就绪,想借机诱使共产党交出政权,C
抗战胜利后，美国在中国追求的短期目标，首先是（   ）。易,推动建立一个统一的亲美政府,避免共产党完全控制中国,维持国共分治的局面,把中国变成完全的殖民地,B
抗战胜利后，中国人民的根本利益之所在是（   ）。易,维护国民党的统治地位,与国民党进行内战,维持国家现状,为建设新中国而奋斗,D
1945年8月28日，毛泽东与周恩来、王若飞等赴（   ）与国民党当局谈判。易,重庆,南京,北京,上海,A
1945年10月10日，国共双方签署了双十协定，确定的基本方针是（   ）。易,再造民国,继续内战,和平建国,维护现状,C
战争爆发不久，毛泽东代表中共提出了“必须打败蒋介石”的论断，原因是（   ）。易,蒋介石发动的战争，是反对中国民族独立和中国人民解放的反革命的战争,蒋介石是美国的代理人,蒋介石试图继续维护现状,蒋介石是我们的阶级敌人。,A
1946年，政治协商会议关于国家的政治制度，确定的最高立法机关是（   ）。难,立法院,人民代表大会,政协,国务院,A
1946年，政协闭幕的第二天，中共中央发出党内指示，指出“从此中国即走上了和平民主建设的新阶段”，国内问题的解决方式是（   ）。难,经济方式,文化方式,政治方式,斗争方式,C
1946年6月底，全面内战是以国民党进攻（   ）解放区为起点的。易,中原,华北,东北,西北,A
1946年6月至1947年6月，人民军队处于战略防御阶段，战争区域是（   ）。易,解放区,华北,东北,中原,A
1945年8月25日，中共中央提出“和平、民主、团结”三大口号的文件是（   ）。难,《抗日战争结束后的时局和我们的方针》,《对目前时局的宣言》,《中共中央关于同国民党进行和平谈判的通知》,《政府与中共代表会谈纪要》,B
1946年，政治协商会议关于国家的政治制度，确定的最高国务机关是（   ）。难,政府委员会,人民代表大会,政协,国务院,A
1946年，政治协商会议关于国家的政治制度，确定的最高行政机关是（   ）。难,立法院,人民代表大会,行政院,国务院,C
1947年刘邓大军挺进中原的重大意义在于（   ）。难,影响战略决战主攻方向,粉碎蒋介石的重点进攻,改变敌我双方的力量对比,改变解放战争的战略态势,D
揭开人民解放军全国性战略进攻序幕的是（   ）。易,孟良崮战役开始,刘邓大军挺进大别山,三大战役开始,渡江战役开始,B
1947年10月中国人民解放军总部发表宣言提出了（   ）的口号。易,土地改革的总路线,打倒蒋介石，解放全中国,新民主主义革命总路线,“三军配合、两翼牵制”的战略部署,B
解放战争时期，国民党统治区人民民主运动高涨的根本原因是（   ）。中,中国共产党组织了反蒋统治的第二条战线,上海学生举行了声势浩大的“三反”斗争,国民党蒋介石集团的经济崩溃和政治危机,民主党派的联合斗争和人民起义遍及各地,C
对第三次国内革命战争反蒋斗争第二条战线的准确表述是（   ）。难,国统区的学生运动,国统区的工农运动,国统区的地下斗争,国统区的民主运动,D
解放战争时期制定的《中国土地法大纲》规定（   ）难,没收地主的土地,调整减租减息政策,按贫雇农人口分配土地,废除土地私有制,A
中国共产党在新民主主义革命不同时期提出的土地政策的共同点是（   ）。易①体现中国共产党的民主革命纲领②消灭封建剥削制度③维护农民基本利益④促进社会经济发展,①②,①②③,①③④,①②③④,C
1947年6月，中国人民解放军开始实行战略反攻的战略意图是（   ）。易,与敌军主力进行决战,全面扩大解放区,解放中原，进取华中,由内线作战转向外线作战,D
1947年解放军开始战略反攻时，国民党军队正在实施的战略是（   ）。易,全面进攻解放区,重点进攻山东和陕北解放区,抢占战略要地和交通线,集中兵力防守战略要地,B
1946年5月4日，中共中央发出《五四指示》，所决定的土地政策是（   ）。中,减租,耕者有其田,天下田天下人耕,减息,B
1945年底，一二一运动中，昆明学生所提出的口号是（   ）。难,反对内战，争取自由,参军保田,打倒蒋介石,解放全中国,A
解放战争期间，1947年夏季，（   ）发动反攻，从根本上改变了东北战局。中,西北野战军,东北民主联军,晋察冀野战军,晋冀鲁豫野战军太岳兵团,B
解放战争期间，国统区人民民主运动的先导群体是（   ）。中,工人,农民,学生,知识分子,C
1947年，台湾省台北市人民为反抗国民党当局暴政，发动（   ）。易,二二八起义,三区革命,一二一运动,抢米风潮,A
中国民主建国会，是由爱国的民族工商业者和（   ）发起成立的。难,农民,与其有联系的知识分子,工人,地主,B
解放战争时期，最早与蒋介石集团决裂的民主党派是（   ）。中,中国民主同盟,民主建国会,中国民主促进会,中国国民党革命委员会,A
标志着第三条道路破产的事件是（   ）。中,1946年6月蒋介石发动全面内战,1946年11月蒋介石下令召开伪国民大会,1947年3月蒋介石下令进攻延安,1947年10月蒋介石下令解散中国民主同盟,D
被称为“第三党”的民主党派是（   ）。易,中国民主同盟,中国民主促进会,中国民主建国会,中国农工民主党,D
1948年1月，民盟领导人沈钧儒等在香港召开民盟一届三中全会，宣布不接受解散民盟的任何决定，并恢复民盟总部。这次会议意味着（   ）。易,民盟站到了新民主主革命的立场上来,民盟依然对国民党政权保佑幻想,民主党派的政治态度都发生改变,民盟成为民主党派的领导者,A
七届二中全会召开的地点是（   ）。中,北平,延安,西柏坡,上海,C
率领北平国民党军队接受和平改编的国民党将领是（   ）。易,张治中,蔡廷锴,杜聿明,傅作义,D
毛泽东提出由新民主主义社会转变为社会主义社会的总任务和主要途径的著作是（   ）。难,《中国革命和中国共产党》,《论政策》,《在中国七届二中全会上的报告》,《论人民民主专政》,C
20世纪中国经历了三次历史性巨变，其中第二次是指（   ）。易,辛亥革命的胜利和中华民国的成立,新民主主义革命的胜利和人民民主专政制度的建立,中华人民共和国的成立和社会主义制度的建立,社会主义改造的完成和全面建设社会主义的开始,C
三大战役的胜利，是（   ）的胜利。易,马克思主义,列宁主义,邓小平理论,毛泽东军事思想,D
在中国共产党领导下，中国人民推翻了三座大山，于1949年成立了中华人民共和国，这标志着（   ）。中,社会主义制度的基本建立,美国遏制中国政策的失败,新民主主义革命的胜利,社会主义三大改造的开始,C
辽沈、淮海、平津三大战役进行的时间是（   ）。易,1947年12月――1949年2月,1948年5月――1949年1月,1948年6月――1949年8月,1948年9月――1949年1月,D
人民解放战争走向胜利的历史转折点是（   ）。难,粉碎重点进攻,战略反攻,三大战役,渡江作战,B
民主党派地位根本变化的标志是（   ）。中,参加新政协并将在新中国参政,参加内战,组建中央筹备委员会,开全国代表大会,A
人民解放军夺取全国胜利的决定性阶段，先后发动三大战争，其中最先发动的是（   ）。易,辽沈战役,淮海战役,平津战役,渡江战役,A
中国的武装斗争的实质是工人阶级领导的（   ）。中,资产阶级革命,农民战争,学生运动,社会改良,B
中国进入社会主义社会的最主要的标志是：（   ）,社会主义改造的基本完成,新中国的成立,第一部宪法的颁布,全国人民第一次代表大会的召开,A
建国初期，国家对官僚资本采取的政策是（   ）,赎买,管制,没收,拍卖,C
1953年9月，彭德怀在一份报告中说:“抗美援朝战争的胜利证明：西方侵略者几百年来只要在东方的海岸上架起几尊大炮就可霸占一个国家的时代一去不复返了。”这场战争的胜利（   ）,结束了西方列强霸权主义的历史,极大提升了中国人的民族自尊心和自信心,奠定了民族独立人民解放的基础,赢得了近代以来中华民族反抗外敌入侵的第一次完全胜利,B
新中国成立初期，针对党政干部中存在的腐化问题，中国共产党开展了（   ）,三查运动,三反运动,五反运动,四清运动,B
党在过渡时期总路线最显著的特点是（   ）,实现工业和农业、手工业和资本主义工商业的社会主义改造,实现生产关系的社会主义改造,实现工业化,社会主义工业化与社会主义改造的紧密结合,D
新中国成立之初的“过渡时期”是指（   ）,从建国到三大运动胜利,从建国到国民经济恢复,从建国到社会主义改造基本完成,从建国到一五计划完成,C
新中国成立初期，为恢复国民经济，振兴民族工业，中国共产党和人民政府采取的措施不包括（   ）,建立社会主义性质的国营经济,接管私人资本主义企业,合理调整工商业,稳定物价统一财经,B
人民公社的基本特点是（   ）,政教合一,一大二公,高指标、瞎指挥,浮夸风、共产风,B
1957年整风运动的形式是（   ）,闭门整风,开门整风,大鸣、大放、大辩论、大字报,批评和自我批评,B
揭开“大跃进”的序幕的事件是（   ）,1957年《人民日报》社论提出在生产战线来一个大跃进,1958年1月南宁会议的召开,1958年3月成都会议的召开,1958年5月中共八大二次会议的召开,A
《人民日报》连续发表“人有多大胆，地有多大产”和“小麦亩产12万斤”、“皮棉亩产5000斤”、“一棵白菜500斤”等文章，宣传全国各地大放“卫星”这一现象发生在（   ）,建国初期,大跃进时期,文化大革命时期,改革开放新时期,B
1966-1976年给党和国家带来了深重灾难的运动是（   ）,“文化大革命”,“大跃进”运动,反右斗争,三大改造运动,A
使“文化大革命”的错误理论和实践合法化的会议是（   ）,七届二中全会,中共八大,中共九大,中共十大,C
在“文化大革命”中，老一辈革命家和革命群众进行过多次抗争，其中包括（ ）①“一月革命”②“二月逆流”③“四五”运动④“九一三事件”,①②,②③,①②③,①②③④,B
我国对资本主义工商业进行社会主义改造实行的政策是（   ）,无偿没收,有偿征用,和平赎买,公私联营,C
粉碎“四人帮”后，纠正“文化大革命”的严重混乱，最突出的阻碍是（   ）,经济不发达,“两个凡是”的错误思想,改革开放,中央尚未形成统一意见,B
1979年3月，邓小平在理论工作务虚会上首次明确提出（   ）,必须坚持“四项基本原则”,必须坚持以经济建设为中心,必须坚持“两个凡是”,必须坚持“以阶级斗争为纲”,A
1980年2月，中共十一届五中全会决定（   ）,为彭德怀彻底平反,为“天安门事件”彻底平反,为刘少奇彻底平反,为陈毅彻底平反,C
1978年，中国共产党重新确立实事求是思想路线的会议是（   ）,中共十一届三中全会,中共十一届六中全会,中共十二届三中全会,中共十二届六中全会,A
1990年，中共中央和国务院为进一步对外开放而做出的战略举措是（   ）,建立厦门经济特区,建立珠海经济特区,开发、开放海南经济特区,开发、开放上海浦东新区,D
1984年，中共十二届三中全会通过的重要文件是（   ）,《关于加快农业发展若干问题的决定》,《关于经济体制改革的决定》,《关于科技体制改革的决定》,《关于教育体制改革的决定》,B
中国共产党将邓小平理论同马克思列宁主义、毛泽东思想一道确立为党的指导思想的会议是（   ）,中共十四大,中共十五大,中共十六大,中共十七大,B
1999年12月20日，中国在推进祖国统一大业方面迈出的重要一步是（   ）,海峡两岸达成“九二共识”,海峡双边举行“汪辜会谈”,恢复对香港行使主权,恢复对澳门行使主权,D
中国进入改革开放和社会主义现代化建设新时期的历史起点是（   ）,中共十一届三中全会,中共十一届六中全会,中共十二届三中全会,中共十二届六中全会,A
中共十三大明确将党在社会主义初级阶段的基本路线概括为（   ）,一个中心，两个基本点,四个坚持,一手抓物质文明，一手抓精神文明,建设中国特色社会主义经济、政治和文化,A
1988年，中共中央和国务院决定建立的经济特区是（   ）,深圳经济特区,珠海经济特区,厦门经济特区,海南经济特区,D
1992年召开的中共十四大明确提出，我国经济体制改革的目标是建立（   ）,社会主义市场经济体制,社会主义有计划商品经济体制,计划为主，市场为辅的经济体制,市场为主，计划为辅的经济体制,A
2000年2月，江泽民在广东考察工作时提出了（   ）,“三讲”教育的要求,“八个坚持，八个反对”的要求,“三个代表”重要思想,以“八荣八耻”为主要内容的社会主义荣辱观,C
1978年，我国开展的一场马克思主义思想解放运动是（   ）,"揭批""四人帮""",关于真理标准问题的大讨论,平反冤假错案,关于社会主义市场经济问题的大讨论,B
中国共产党将“三个代表”重要思想作为党的指导思想写入党章是在（   ）,中共十四大,中共十五大,中共十六大,中共十七大,C
2005年3月，十届全国人大三次会议通过的法律是（   ）,《反分裂国家法》,《国家安全法》,《香港特别行政区基本法》,《澳门特别行政区基本法》,A
1982年，中共十二大明确提出了（   ）,建设有中国特色的社会主义,党在社会主义初级阶段的基本路线,建设社会主义政治文明,党在社会主义初级阶段的基本纲领,A
中国共产党明确提出我国建立社会主义市场经济体制目标的会议是（   ）,中共十三大,中共十四大,中共十五大,中共十六大,B
中国恢复对香港行使主权是在（   ）,1997年7月1日,1997年12月20日,1999年7月1日,1999年12月20日,A
中国共产党第一次完整地概括社会主义初级阶段基本路线的会议是（   ）,中共十三大,中共十四大,中共十五大,中共十六大,A
1998年，中共中央决定在县级以上党政领导班子和领导干部中深入开展（   ）,讲政治、讲经济、讲文化的教育,讲思想、讲作风、讲文明的教育,讲理想、讲觉悟、讲正气的教育,讲学习、讲政治、讲正气的教育,D
中国加入世界贸易组织的时间是（   ）,1999年12月,2000年12月,2001年12月,2002年12月,C
2005年，我国通过《反分裂国家法》的会议是（   ）,十届全国人大二次会议,十届全国人大三次会议,十届全国人大四次会议,十届全国人大五次会议,B
标志党和国家在指导思想上完成拨乱反正任务的是（   ）,关于真理标准问题的讨论,十一届六中全会《关于建国以来党的若干历史问题的决议》的通过,1980年邓小平所作的关于《党和国家领导制度的改革》的讲话,十二届七中全会讨论并原则通过《政治体制改革总体设想》,B
系统阐述了社会主义初级阶段理论的会议是（   ）,中共十二大,中共十二届六中全会,中共十三大,中共十一届三中全会,C
1993年11月召开的中共十四届三中全会，通过了（   ）,《关于经济体制改革的决定》,《关于教育体制改革的决定》,《关于社会主义精神文明建设指导方针的决议》,《关于建立社会主义市场经济体制若干问题的决定》,D
科学发展观的核心是（   ）,发展,以人为本,全面协调可持续,统筹兼顾,B
党的十八大报告指出，建设中国特色社会主义的总依据是（   ）,中国梦的提出,全面建成小康社会,社会主义初级阶段,全面建设社会主义现代化国家,C
把习近平新时代中国特色社会主义思想确立为党必须长期坚持的指导思想并写入党章是在（   ）,党的十六大,党的十七大,党的十八大,党的十九大,D
实现“两个一百年”奋斗目标、实现中华民族伟大复兴的中国梦，不断提高人民生活水平，必须坚定不移把（   ）作为党执政兴国的第一要务。,创新,改革,发展,开放,C
我国经济已由（   ）阶段转向（   ）阶段，正处在转变发展方式、优化经济结构、转换增长动力的攻关期，建设现代化经济体系是跨越关口的迫切要求和我国发展的战略目标。,高速增长  高水平发展,高速发展  高水平发展,高速增长  高质量发展,高速发展  高质量发展,D
中共十八届四中全会通过的《中共中央关于全面推进依法治国若干重大问题的决定》提出全面推进依法治国，总目标是（   ）,建设中国特色社会主义法治体系，建设社会主义法治国家,建设中国特色社会主义法治体系，建设社会主义法制国家,建设中国特色社会主义法制体系，建设社会主义法制国家,建设中国特色社会主义法制体系，建设社会主义法治国家,A
“党和国家的生命线、人民的幸福线”指的是（   ）,马克思列宁主义基本原理,中国特色社会主义道路,党的基本路线,四项基本原则,C
党的十九大报告指出:“中国特色社会主义进入新时代，我国社会主要矛盾已经转化为人民日益增长的美好生活需要和（   ）的发展之间的矛盾。”,不平衡,不平衡不全面,不充分,不平衡不充分,D
实现中华民族伟大复兴的中国梦就是国家富强、民族振兴、（   ）,人民幸福,社会和谐,环境优美,科技发达,A
全面深化改革的总目标是完善和发展中国特色社会主义制度，推进国家治理体系和治理能力（   ）,合理化,信息化,现代化,科学化,C
人民军队始终保持强大的凝聚力向心力、创造力、战斗力的根本保证是（   ）,组织建设,政治建设,党的领导,思想建设,C
到2035年，中国将基本实现（   ）,社会主义现代化,社会主义现代化强国,社会主义发达国家水平,社会主义科技强国,A
党的（   ）决定党的建设的方向和效果，是党的建设的“灵魂”和“根基”。,思想建设,组织建设,政治建设,作风建设,C
弘扬中国精神，就是以（   ）为核心的民族精神和以改革开放为核心的时代精神。,艰苦奋斗,爱国主义,自力更生,中国梦,B
2013年11月，习近平在湖南考察时，首次创造性地提出（   ）的重要理念，标志着我国扶贫方式的重大改变。,与时俱进,精准扶贫,小康社会,脱贫攻坚,B
2016年7月，习近平在庆祝中国共产党成立95周年大会上强调，中国特色社会主义最本质的特征是，中国特色社会主义制度的最大优势是（   ）。,人民当家做主,社会主义公有制,为人民服务,中国共产党领导,D
十九大报告指出，当前我们社会的主要矛盾是（   ）,人民群众日益增长的物质文化需要同落后生产力之间的矛盾,工人阶级与资产阶级之间的矛盾,人民日益增长的美好生活需要和不平衡不充分的发展之间的矛盾,封建主义与人民大众之间的矛盾,C
第二个百年奋斗目标，就是到21世纪中叶，把我国建设成为（   ）,社会主义现代化国家,全面建成小康社会,世界一流强国,富强民主文明和谐美丽的社会主义现代化国家,D
2020年新冠疫情是新中国建国以来，我国遭遇的传播速度最快，感染范围最广、控制难度最大的一次（   ），也是百年来全球发生的最严重的传染病大流行。,重大突发公共卫生事件,传染病事件,人为传染病事件,实验室传染病事件,A
党的二十大的召开时间是（   ）,2022年10月8日,2022年10月16日,2021年10月8日,2021年10月16日,B
近代中国最早的一批不平等条约有（   ）。难,《南京条约》,《虎门条约》,《望厦条约》,《黄埔条约》,ABCD
鸦片战争前，英国对华贸易长期处于入超状态的原因是（   ）。中,其他资本主义国家的竞争,清王朝闭关锁国的政策,中国自然经济的抵制,英国的资本主义经济危机,BC
随着近代中国从封建社会逐步演变为半殖民地半封建社会，中国社会出现了新兴阶级，它们是（   ）。易,地主阶级,农民阶级,工人阶级,资产阶级,CD
中国民族资产阶级政治上的两面性是指（   ）。难,与外国资本主义和本国封建主义有矛盾、斗争的一面,与外国资本主义和本国封建主义有依赖、妥协的一面,与外国资本主义和本国封建主义有合作的一面,与外国资本主义和本国封建主义有中立的一面,AB
近代中国半殖民地半封建社会的主要矛盾是（   ）。易,帝国主义和中华民族的矛盾,资产阶级和无产阶级的矛盾,封建主义和人民大众的矛盾,封建地主阶级和资产阶级的矛盾,AC
近代以来中华民族面临的两大历史任务是（   ）。易。,实现民族独立和人民解放,废除封建土地所有制,实现国家富强和人民富裕,实现四个现代化,AC
近代资本―帝国主义列强对中国进行侵略的主要手段有（   ）。易,军事侵略,政治控制,经济掠夺,文化渗透,ABCD
近代资本―帝国主义列强对中国进行军事侵略的手段主要有（   ）中,发动战争，屠杀人民,剥夺关税自主权,侵占领土，划分势力范围,勒索赔款，抢夺财富,ACD
有人说：“鸦片战争是在执行一种使命。它是用侵略手段达到使中国向世界开放的目的。从某种意义上说，是鸦片战争的一声炮响，给中国送来了近代文明。”这一观点的错误之处在于（   ）。中,未认识到殖民主义、帝国主义侵略的本质和残酷性,只看到“船坚炮利”和科技文明,夸大殖民主义传播文明的作用,贬损中国人民的反侵略斗争,ABCD
1842年中英《南京条约》的主要内容是（   ）。易,割让香港岛,赔款2100万元,开放广州等五个通商口岸,协定关税,ABCD
《南京条约》开放的通商口岸有（   ）。中,广州,上海,宁波,厦门,ABCD
下列属于晚清时期列强发动的侵略战争的是（   ）。易,鸦片战争,第二次鸦片战争,甲午战争,抗日战争,ABC
第二次鸦片战争英法的主要借口是（   ）。难,亚罗号事件,马神甫事件,虎门销烟,义和团运动,AB
第二次鸦片战争到八国联军侵华战争期间，西方列强迫使中国政府签订的不平等条约有（   ）。中,《南京条约》,《天津条约》,《马关条约》,《北京条约》,BCD
近代史上列强曾经攻占天津的战争有（   ）。难,鸦片战争,第二次鸦片战争,中日甲午战争,八国联军侵华战争,BD
下列条约签署于第二次鸦片战争时期的是（   ）。难,《天津条约》,《北京条约》,《瑷珲条约》,《勘分西北界约记》,ABC
与清政府签订《天津条约》的国家有（   ）。难,英国,俄国,法国,美国,ABCD
19世纪五六十年代，沙皇俄国趁火打劫，通过一系列条约侵吞我国领土140多万平方公里，这些条约是（   ）。难,《瑷珲条约》,中俄《北京条约》,《勘分西北界约记》,《改订伊犁条约》,ABC
19世纪下半叶，沙俄为侵占我国东北领土强迫清政府签订的不平等条约有（   ）。难,《瑷珲条约》,《天津条约》,《勘分西北界约记》,中俄《北京条约》,AD
1860年与清政府签订《北京条约》的国家有（   ）。难,英国,法国,美国,俄国,ABD
中日甲午战争后，根据《马关条约》的规定，清政府应该将下列哪些地区割让给日本（   ）。中,海南岛,台湾全岛及附属岛屿,澎湖列岛,辽东半岛,BCD
《马关条约》签订后，三国“干涉还辽”中的“三国”指的是（   ）。难,英国,俄国,德国,法国,BCD
近代史上，与香港有关的条约有哪些？（   ）。中,《南京条约》,《北京条约》,《马关条约》,《辛丑条约》,AB
《辛丑条约》对中国社会的影响有（   ）。易,它是帝国主义列强强加给中国的一个不平等条约,清朝政府彻底成为帝国主义统治中国的工具,中国半殖民地半封建社会统治秩序完全确立,严重侵害了中国的国家主权和民族利益,ABCD
近代资本―帝国主义列强在政治上为了统治中国采取的主要方式（   ）。中,控制中国的内政外交,镇压中国人民的反抗,扶植收买代理人,披着宗教外衣进行侵略活动,ABC
鸦片战争时期，主张对英妥协的官员有（   ）。难,琦善,耆英,伊里布,邓廷桢,ABC
联手发动辛酉政变并掌握清朝政权的政治人物是（   ）。中,奕D,肃顺,咸丰皇帝,慈禧太后,AD
甲午战争以后，西方列强对中国的经济侵略开始以资本输出为主。当时资本输出的主要方式有（   ）。中,开工厂,办银行,修铁路,开矿山,ABCD
在中国近代史上，帝国主义列强对中国进行经济掠夺的主要表现有（   ）。易,侵占中国领土，划分势力范围,控制中国的通商口岸,剥夺中国关税自主权,操纵中国经济命脉,BCD
近代中国政府从列强那里举借外债，主要是以（   ）为担保。难,田赋,关税,盐税,厘金,BC
鸦片战争时期以身殉国的爱国将领有（   ）。难,关天培,邓廷桢,邓世昌,陈化成,AD
19世纪70至80年代，帝国主义列强掀起的“边疆危机”包括（   ）。难,英国侵入西藏、云南,法国侵犯广西,日本侵犯中国台湾,俄国入侵新疆,ABCD
19世纪未期，帝国主义列强瓜分中国的图谋并未实现，其原因主要有（   ）。中,帝国主义列强之间的矛盾和相互制约,中国人民进行了不屈不挠的反侵略斗争,清政府与列强相勾结,中国地域过于广阔,AB
义和团运动的主体是农民等小生产者，其历史局限性表现在（   ）。难,存在盲目、笼统的排外主义错误,无法认清帝国主义与清王朝相互勾结的本质,存在有许多迷信、落后的倾向,争权夺利、享乐主义,ABC
近代中国人民进行的反侵略战争屡遭失败的主要原因是（   ）。易,社会制度的腐败,经济技术的落后,帝国主义实力过于强大,国内内部矛盾尖锐,AB
早期维新思想的主要观点是（   ）。中,坚持“师夷制夷”的爱国思想,“商战固本”论,设立议院,实行“君民共主”,ABCD
瓦德西说：“无论欧美日本各国，皆无此脑力与兵力可以统治此天下生灵四分之一”，“故瓜分一事，实为下策。”这表明列强（   ）。易,瓜分中国的计划破产,放弃侵略中国的企图,仍需扶植清政府以华治华,看到中国人民的不屈斗志,ACD
下列关于林则徐、魏源等倡导新思想的代表人物的评述，正确的是（   ）。难,都是地主阶级开明知识分子,其思想都带有鲜明的时代特点,都主张放眼世界、探索救国之路,都未能完全冲破封建思想的牢笼,ABCD
导致太平天国运动爆发的原因有（   ）。中,封建统治者的腐朽,外国资本主义的侵略,自然灾害严重,鸦片战争后阶级矛盾的激化,ABCD
与以往的农民战争相比，太平天国运动新的特点表现在（   ）。中,运动规模空前巨大,反封建同时反侵略,《天朝田亩制度》的平均主义理想,《资政新篇》的资本主义色彩,BD
“有田同耕，有饭同食，有衣同穿，有钱同使，无处不均匀，无人不饱暖。”体现了太平天国（   ）。易,绝对平均主义的方案,反映了农民阶级废除封建土地所有制的要求和愿望,具有理想主义色彩,调动了农民生产积极性,ABC
太平天国永安建制时，分封的诸王包括（   ）。易,杨秀清,李秀成,石达开,冯云山,ACD
太平天国运动期间，下列哪些国家的军官曾帮助清军镇压太平天国？（   ）难,英国,法国,德国,俄国,AB
天京事变中被杀害的太平天国诸王包括（   ）。中,石达开,杨秀清,韦昌辉,萧朝贵,BC
《天朝田亩制度》中太平天国领导者们设计的理想社会是（   ）。中,有田同耕，有饭同食,均平,均贫富，等贵贱,有衣同穿，有钱同使,AD
太平天国农民战争期间，曾经实现过的有（   ）。难,封王,《天朝田亩制度》的各项制度,建立政权,《资政新篇》的各种设想,AC
中国早期民族资产阶级来源于（   ）。中,官僚,地主,商人,手工业作坊主,ABCD
洋务派在清朝地方官吏中的主要代表人物有（   ）。中,奕D,李鸿章,左宗棠,张之洞,BCD
洋务运动创办的军事工业有（   ）。难,江南制造总局,福州船政局,汉阳铁厂,金陵机器局,ABD
洋务派的出现，与下列哪些矛盾有关（   ）？难,民族资本主义与小农经济的矛盾,人民群众与封建统治阶级的矛盾,清朝统治阶级内部的矛盾,中国与外国侵略势力的矛盾,BCD
从19世纪60年代到90年代，洋务派举办的洋务事业有（   ）。中,兴办近代军用工业,兴办近代民用工业,建立新式海陆军,创办新式学堂，派遣留学生,ABCD
下列关于洋务运动的叙述，正确的是（   ）。中,是封建地主阶级的改革,有利于中国的近代化,没有使中国富强起来,为资本主义发展开辟了道路,ABC
洋务派创办的新式学堂包括（   ）。难,船政学堂,电报学堂,岳麓书院,京师同文馆,ABD
洋务运动失败的原因包括（   ）。中,企业管理的腐朽性,对外国技术过度依赖,思想理念的封建性,刺激了中国民族资本主义企业诞生,ABC
下列人物中属于资产阶级维新派的代表人物有（   ）。易,康有为,梁启超,严复,谭嗣同,ABCD
康有为奠定维新变法理论基础的著作有（   ）。中,《新学伪经考》,《孔子改制考》,《日本变政考》,《俄彼得变政记》,AB
维新派与守旧派论战的主要内容有（   ）。易,要不要反帝,要不要兴民权、设议院，实行君主立宪,要不要变法,要不要废八股、改科举和兴西学,BCD
从下列各组中选出“戊戌六君子”（   ）。易,谭嗣同、杨锐、林旭,杨深秀、刘光第、康广仁,康有为、谭嗣同、林旭,梁启超、谭嗣同、杨锐,AB
维新派的局限性在于（   ）。难,不敢否定封建主义,对帝国主义抱有幻想,不敢否定儒家经典,惧怕人民群众,ABD
维新变法的失败能说明（   ）。中,资产阶级具有软弱性,资产阶级无法登上历史舞台,中国只能保持君主专制,在半殖民地半封建的中国，统治者走自上而下的改良道路是行不通的,AD
革命派和改良派论战的内容是（   ）易,要不要进行民主革命,要不要以革命手段推翻清王朝,要不要实行共和制度,要不要进行社会革命,BCD
下列哪些改革内容是清末“新政”中的内容？（   ）易,鼓励留学,建立新军,废除科举,奖励工商,ABCD
三民主义中的民族主义包括内容有（   ）易,驱除鞑虏,恢复中华,创立民国,平均地权,AB
同盟会的政治纲领是（   ）易,驱除鞑虏,恢复中华,创立民国,平均地权,ABCD
中国同盟会纲领中涉及到的问题有（   ）难,推翻满洲贵族的统治,建立资产阶级共和国,驱逐占据中国的帝国主义势力,提出了资本主义的土地纲领,ABD
兴中会的革命纲领包括（   ）难,驱除鞑虏,恢复中华,创立合众政府,平均地权,ABC
辛亥革命前革命与改良的辩论的重大意义有（   ）中,划清了革命与改良的界限,传播了民主革命思想,促进了革命形势的发展,暴露出革命派在思想理论方面的弱点,ABC
孙中山的三民主义包括（   ）易,民族主义,民权主义,民粹主义,民生主义,ABD
下列属于资产阶级革命派的人物有（   ）易,康有为,梁启超,秋瑾,黄兴,CD
19世纪末20世纪初资产阶级革命团体纷纷建立，包括下列哪些？（   ）易,兴中会,华兴会,光复会,强学会,ABC
筹划武昌起义的革命团体是（   ）易,兴中会,华兴会,共进会,文学社,CD
下列属于孙中山“平均地权”思想主张的内容有：（   ）中,核定全国土地的地价，其现有之地价，仍属原主。,革命后的增价，则归国家，为国民共享。,国家按原定地价收买地主的土地。,没收土地，平均分配,ABC
下列属于宣传民主革命思想的著作有（   ）易,《驳康有为论革命书》,《革命军》,《猛回头》,《警世钟》,ABCD
20世纪初，资产阶级参加并领导的反帝爱国运动有：（   ）中,拒俄运动,拒法运动,拒英运动,抵制美货运动,ABD
在民主革命思想的宣传中，著名的资产阶级革命宣传家有：（   ）中,章炳麟,陈天华,邹容,蔡元培,ABC
1905-1907年进行的革命派与改良派的大论战，论战双方的主要阵地是：（   ）易,《时务报》,《民报》,《苏报》,《新民丛报》,BD
19世纪末20世纪初，戊戌变法、辛亥革命等中国人民的探索与抗争同以前有较大不同，下列表述正确的是：（   ）难,民族资产阶级成为运动的领导阶级,都属于资产阶级革命的范畴,抗争具有广泛的群众基础,抗争都是在“瓜分豆剖，迫在眉睫”的背景下发生的,AD
辛亥革命对戊戌变法的继承和发展主要表现在：（   ）难,资产阶级革命思想的传播,挽救民族危亡，发展资本主义的主张,采取社会改良的办法达到目的,实行资本主义的政治制度,BD
辛亥革命前，中国留学生陈天华在东京为揭露帝国主义侵略、控诉清政府卖国罪行奋笔撰写的白话文著作是：（   ）易,《革命军》,《猛回头》,《敬告同乡书》,《警世钟》,BD
清末“新政”的内容包括（   ）易,设立商部、学部、巡警部等中央行政机构,裁撤绿营，建立新军,颁布商法商律，奖励工商,颁布新的学制,ABCD
以下关于辛亥革命的评述正确的是（   ）难,使民主共和观念深入人心,为民族资本主义发展创造了有利条件,建立了资产阶级民主共和国,推翻了统治中国2000多年的封建土地制度,ABC
下列关于辛亥革命结果的表述，正确的是：（   ）中,推翻了统治中国260多年的清王朝,结束了近代中国军阀混战的局面,给封建君主专制制度以致命一击,使人民获得一些民主和自由的权利,ACD
1912年中国发生的重大事件是：（   ）难,国民党成立,《中华民国临时约法》颁布,清帝退位,中华民国成立,ABCD
资产阶级革命党人在辛亥革命中重申保护列强在华既得利益，其思想根源是（   ）难,对列强帮助中国建立独立的资产阶级共和国抱有幻想,愿意与列强建立“邻谊之笃”和“提携亲爱”的关系,希望换取列强对南京临时政府的承认,不敢同帝国主义完全决裂,ACD
辛亥革命失败的原因有（   ）中,没有完整的正确的政治纲领和社会改革方案,没有充分发动和依靠人民群众,没有彻底的反帝反封建的革命纲领,没有建立坚强的革命政党,BCD
北洋军阀政府从政治上、经济上和文化思想上对辛亥革命进行了全面的反攻倒算，资产阶级革命派在中国建立资产阶级共和国的梦想破灭了，主要表现在（   ）难,在政治上，北洋政府实行军阀官僚的专制统治,在经济上，北洋政府竭力维护帝国主义、地主阶级和买办资产阶级的利益,在文化思想方面，尊孔复古思潮猖獗一时,军阀们为了实行专制统治，不惜投靠帝国主义。,ABCD
下列关于护国运动和护法运动的表述，正确的是（   ）中,都属孙中山直接领导的,都是为了维护辛亥革命成果,都反对北洋军阀的反动统治,最终都未取得成功,BCD
孙中山对袁世凯就任民国临时政府新总统是有警惕的，曾经提出防范条件有：（   ）难,袁世凯必须宣布拥护共和,新总统必须遵守《临时约法》,定都南京,新总统必须到南京就职,ABCD
辛亥革命失败的重要原因有：（   ）中,帝国主义的干涉,革命党人没有明确的反对帝国主义的纲领,袁世凯阴谋篡权,革命党人没有广泛地发动农民群众参加斗争,ABCD
太平天国运动和辛亥革命时期关于土地问题的共同之处是（   ）难,都在革命纲领中提出了土地问题,都没有真正实行，主要受时代局限,都采取绝对平均的办法来解决,都具有反封建的性质,ABD
下列关于辛亥革命失败的原因中，正确的是（   ）难,革命派提不出彻底的反帝反封建纲领,没有解决农民的土地问题,由于资产阶级自身的局限性,革命派没有建立和掌握武装力量,ABC
新文化运动的主将有（   ）易,梁启超,陈独秀,胡适,鲁迅,BCD
新文化运动提出的基本口号是（   ）易,自由,民主,创新,科学,BD
五四运动发生的时代条件有（   ）易,新的社会力量的成长、壮大,新文化运动掀起的思想解放潮流,巴黎和会上中国外交的失败,俄国十月革命的影响,ABD
迫于五四运动中人民群众的压力，北洋政府不得不罢免了（   ）的职务。易,梁士诒,曹汝霖,章宗祥,陆宗舆,BCD
下列活动与陈独秀无关的是（   ）中,创办《青年杂志》,直接领导了五四运动,出席中共―大,创建中国共产党,BC
关于新文化运动，下列说法正确的是（   ）中,是一场伟大的思想启蒙运动,给封建专制主义和封建礼教以前所未有的冲击,是一次伟大的思想解放运动,为西方的社会科学、自然科学的传入敞开了大门,ABCD
1919年爆发的五四运动是在新的社会历史条件下发生的，它具有的历史特点是（   ）。中,反帝反封建的彻底性,真正的群众运动,促进了马克思主义在中国的传播,倡导了民主和科学的主题,ABC
“自从有了中国共产党，中国革命的面貌就焕然一新了。”这里的“新”是指（   ）。难,以马克思主义为指导思想,以武装斗争为主要手段,以无产阶级为革命领导,提出民主革命的前途为社会主义,ACD
各地共产党的早期组织创办的专供工人阅读的马克思主义启蒙教育刊物有（   ）难,《劳动界》,《劳动音》,《工人月刊》,《新青年》,ABC
新文化运动的主要阵地是（   ）易,《新青年》杂志,《时务报》,《中外纪闻》,北京大学,AD
新文化运动中宣传十月革命的著作有（   ）易,《异哉所谓国体问题者》,《法俄革命之比较观》,《庶民的胜利》,《Bolshevism的胜利》,BCD
下列选项中，属于早期新文化运动主要内容的是（   ）中,提倡新文学，反对旧文学,提倡民主和科学，反对迷信和愚昧,提倡个性解放，反对封建礼教,主张实行文学革命,ABCD
下列选项中，属于对早期新文化运动的正确认识的是（   ）中,在当时的社会环境中，要想从根本上改造国民，仅依靠少数人改造国民性，仅依靠少数人的呐喊是不可能的,新文化运动的倡导者们，回避反对军阀的斗争,新文化运动的参加者基本局限在知识分子的范围内,为中国人民提供了一种正确认识中国国情的思想武器,AC
新文化运动中《新青年》编辑部到北京后的主要撰稿人有（   ）中,李大钊,鲁迅,胡适,梁启超,ABC
新文化运动提出的基本口号是民主和科学，其中民主的含义有（   ）难,民主精神和民主思想,与封建君主专制制度相对立的资产阶级民主政治制度,与封建迷信、蒙昧无知相对立的科学思想、科学精神以及认识和判断事物的科学方法,具体的科学技术、科学知识,AB
新文化运动兴起的社会背景是（   ）中,辛亥革命没有彻底批判封建思想,北洋军阀用封建思想来禁锢人们的头脑,资产阶级要求实行民主政治,中国资本主义进一步发展,ABCD
新文化运动是资产阶级哪些要求在文化上的反映（   ）中,推翻清王朝的统治,反对封建军阀统治,宣传马克思主义,实行资产阶级民主政治,BD
下列评价符合新文化运动实际情况的有（   ）难,是近代第一次重大的思想启蒙运动,使民主科学观念得到较广泛的传播,新文化运动动摇了封建正统思想,整个运动未能给中国人民指明新的前景,BC
五四运动爆发的历史背景包括（   ）中,北洋军阀的黑暗统治,工人阶级队伍迅速壮大,新文化运动的开展,中国人民反帝情绪高涨,ABCD
下列关于五四运动的评述正确的是（   ）中,促使北洋政府拒签和约,反帝反封建的爱国运动,是一次真正的群众运动,新民主主义革命的开端,ABCD
五四运动是中国新民主主义革命的开端，主要是因为（   ）中,中国社会性质和革命任务发生了根本性变化,革命领导力量和指导思想发生了巨大变化,无产阶级开始以独立的姿态登上了政治舞台,具有以往的历次革命运动所不具备的广泛性和不妥协性,BCD
关于中国共产党诞生的条件表述正确的是（   ）难,马克思主义的传播提供了思想基础,各地共产党早期组织建立提供了组织基础,工人阶级壮大提供了阶级基础,第一次工人运动高潮提供了群众基础,ABC
李大钊讴歌十月革命的著作是（   ）易,《法俄革命之比较观》,《庶民的胜利》,《我的马克思主义观》,《Bolshevism的胜利》,ABD
第一次国共合作时期孙中山提出的“三大政策”包括（   ）易,平均地权,联俄,联共,扶助农工,BCD
大革命中革命政府收回了哪些地方的英租界？（   ）易,汉口,天津,广州,九江,AD
中国共产党第二次全国代表大会提出的最低纲领是（   ）。易,打倒军阀,推翻国际帝国主义的压迫,统一中国为真正民主共和国,走向社会主义,ABC
1922年7月召开的中国共产党第二次全国代表大会的主要内容有（   ）易,科学地阐明了中国社会的半殖民地半封建性质,提出了反帝反封建的民主革命的纲领,规定党的最高纲领是实现社会主义、共产主义,提出当前阶段的纲领是“打倒军阀，推翻国际帝国主义的压迫，统一中国为真正民主共和国”。,BCD
中国国民党第一次全国代表大会对三民主义作出的新解释有（   ）中,在民族主义中突出了“反帝”的内容，强调对外实行中华民族的独立,主张国内各民族一律平等，即废除国内的民族压迫,在民权主义中强调了民主权利应“为一般平民所共有”，不应为“少数人所得而私”,在民生主义中则提出了“平均地权”和“节制资本”两大原则，反对“土地权之为少数人所操纵”，反对私有资本“操纵国计民生”,ABCD
随着北伐的胜利进军，中国形成了历史上空前广大的人民解放运动有（   ）难,以湖南为中心，广大农村掀起了大革命的风暴,工人运动迅速走向高涨,国民政府进行了收回汉口、九江的英租界的斗争,上海工人举行了三次武装起义,ABCD
第一次国共合作期间，国民党作为革命联盟所包括的阶级有（   ）易,工人阶级,农民阶级,城市小资产阶级,民族资产阶级,ABCD
在中国共产党领导的早期工人运动中涌现出的并在后来成为党的重要领导骨干的人物有（   ）中,苏兆征,项英,何叔衡,董必武,AB
下列关于大革命的表述，正确的是（   ）难,大革命的主要斗争形式是革命战争,大革命是中国历史上空前广泛而深刻的群众运动,没有国共合作，不会在短时间内掀起轰轰烈烈的大革命,大革命比以往任何一次革命群众动员程度更广泛,ABCD
下列关于北伐战争的表述，正确的是（   ）难,北伐战争以推翻北洋军阀统治为目标,北伐战争先后基本摧毁了北洋军阀吴佩孚、孙传芳的主力,随着北伐战争的胜利进军，中国形成了空前广大的人民解放运动,随着北伐战争的胜利进军工人运动走向高潮,ABCD
下列属于中共二大通过的党纲内容的是（   ）难,消除内乱，打倒军阀，建设国内和平,推翻帝国主义压迫，达到中华民族完全独立,联合共产国际,统一中国本部（东三省在内）为真正的民主共和国,ABD
第一次国共合作后，北伐战争胜利进军的原因有（   ）难,民主革命统一战线旗帜的指引,共产党员、共青团员在北伐军中的模范作用,全国工农群众的大力支持,制定了正确的北伐方针,ABCD
1927年1月，中国人民收回的英租界是在：（   ）易,汉口,上海,南京,九江,AD
中共八七会议的主要内容是（   ）易,坚决纠正了以陈独秀为代表的右倾机会主义错误,撤销了陈独秀的职务，确定毛泽东的领导地位,选出以瞿秋白为首的中央临时政治局,确定实行土地革命和武装反抗国民党的总方针,ACD
国民党政府实行一党专政的军事独裁统治的主要措施有（   ）难,建立庞大的军队,建立庞大的全国性特务系统,禁止革命活动,实行文化专制主义,ABCD
标志着中国共产党进入创建红军新时期的著名起义有（   ）易,南昌起义,秋收起义,平江起义,广州起义,ABD
1927年8月1日，发动南昌起义的领导人有（   ）易,周恩来,朱德,叶挺,贺龙,ABCD
关于南昌起义、秋收起义、广州起义正确的是（   ）。中,都是城市起义,都失败了,都处于十年内战时期,秋收起义不是城市起义,ABC
毛泽东和邓子恢等一起制定的土地革命中的阶级路线是（   ）中,依靠贫农、雇农,联合中农，限制富农,保护中小工商业者,消灭地主阶级,ABCD
“八七”会议与遵义会议的相同点是（   ）中,会议从政治上、军事上、思想上全力纠正了错误,在危急关头挽救了党,毛泽东都参加了会议并提出正确主张,中国共产党独立自主解决自己问题的开始,BC
毛泽东从1928年到1930年提出并阐述了农村包围城市、武装夺取政权道路理论的主要文章是（   ）易,《中国的红色政权为什么能够存在》,《井冈山的斗争》,《星星之火，可以燎原》,《反对本本主义》,ABCD
“工农武装割据”思想包含的三个主要因素是（   ）难,武装斗争,土地革命,农村革命根据地,统一战线,ABC
下列对秋收起义的认识正确的有（   ）难,是发动群众武装反抗国民党统治的正确抉择,进攻长沙是在“八七会议”“左”倾情绪影响下的决定,文家市会议迈出了到农村建立革命根据地的第一步,三湾改编是中国共产党创建革命军队的开端,ABC
下列关于“八七”会议的表述正确的是（   ）难,纠正了陈独秀的右倾机会主义错误,会议避免了“左”的错误,毛泽东提出“政权是由枪杆子中取得的”,会议确定土地革命和武装斗争的方针,ACD
农村包围城市、武装夺取政权这条革命新道路的开辟（   ）难,1927年以后中国革命发展的客观规律所要求的。,依靠了党和人民的集体奋斗，凝聚了党和人民的集体智慧。,毛泽东是其中的杰出代表。,只是依靠了毛泽东个人的能力,ABC
在1927年大革命失败以后，国民党的性质发生转变，它代表（   ）的利益。中,地主阶级,工人、农民,买办性的大资产阶级,民族资产阶级,AC
在1927年8月7日召开的八七会议上，确定的革命的总方针是（   ）易,建立革命根据地,武装反抗国民党,走农村包围城市的道路,开展土地革命,BD
1927年8月到12月之间中共发动的比较著名的起义有（   ）难,南昌起义,秋收起义,左、右江起义,广州起义,ABD
中共在大革命失败之后开辟了新的革命道路，这种新的革命道路是指（   ）易,农村包围城市,城市包围农村,武装夺取政权,攻打大城市,AC
下列有关中共第一次工作重心转移的叙述，正确的是（   ）难,在革命面临危机的背景下被迫转移的,经历了一个先实践后理论的认识过程,使党的民主革命任务发生了根本变化,找到了一条适合中国国情的正确革命道路,ABD
井冈山革命根据地的创建有深远的意义，表现在（   ）难,点燃了“工农武装割据”的星星之火,为共产党领导的其他各地的起义武装树立了榜样,开辟了在敌我力量悬殊的情况下共产党深入农村保持和发展力量的正确道路,动摇了国民党反动派的统治基础,ABC
1935年12月至1937年夏，毛泽东的重要著作有：（   ）中,《论反对日本帝国主义的策略》,《中国革命战争的战略问题》,《矛盾论》,《实践论》,ABCD
红一方面军第一、二、三次反“围剿”作战的胜利，形成了中央革命根据地。包括（   ）难,赣南革命根据地,湘鄂西革命根据地,湘赣革命根据地,闽西革命根据地,AD
遵义会议集中解决的当时具有决定意义的问题是（   ）中,军事问题,组织问题,政治问题,思想问题,AB
遵义会议成立的新的三人团成员包括（   ）易,周恩来,毛泽东,张闻天,王稼祥,ABD
陈独秀右倾机会主义和王明“左”倾机会主义错误产生的共同原因是（   ）中,共产国际的错误指导,中国共产党不够成熟，缺乏理论修养和实践经验,主观主义,对革命急于求成,ABC
中国工农红军“长征”的胜利是（   ）难,革命英雄主义的胜利,革命乐观主义的胜利,艰苦奋斗革命精神的胜利,毛泽东正确思想的胜利,ABCD
毛泽东指出：“如果不帮助农民推翻封建地主阶级，就不能组成中国革命最强大的队伍而推翻帝国主义的统治。”其实质含义是（   ）难,农民是中国革命最可靠的同盟军,农民阶级是中国革命的领导阶级,农民阶级反帝反封建态度最坚决，是新的社会生产力的代表者,没有农民阶级参加，中国革命就不能取胜,AD
1930年到1931年，连续粉碎国民党军队的三次“围剿”的中共军队及其反“围剿”方针分别是（   ）中,红一方面军,积极防御,红四方面军,诱敌深入,AB
《义勇军进行曲》的作曲者和作词者分别是（   ）中,聂耳,闻一多,毛泽东,田汉,AD
在第二次国内革命战争时期，中国共产党经历的失败和崛起是（   ）难,大革命的失败,第五次反“围剿”的失败,人民军队、农村革命根据地的创建,红军长征的胜利,BCD
从1930年10月到1931年7月，红军连续粉碎敌人三次“围剿”的原因是（   ）中,土地革命在根据地的开展,贯彻了积极防御的方针,实行“诱敌深入”、“避敌主力”、“打其虚弱”等一整套战术,赣南、闽西根据地连成一片,ABC
日本侵华蓄谋已久，九一八事变后，卢沟桥事变前，又制造了（   ）。易,皇姑屯事件,华北事变,七七事变,一二八事变,BD
下列哪些属于日本的侵华政策（   ）？易,以战养战,以华制华,奴化教育,三光政策,ABCD
日本对中国的大规模侵略和在中国部分地区的殖民统治，犯下了空前严重的罪行，其主要表现是（   ）。易,制造惨绝人寰的大屠杀,推动中日提携,肆意掠夺矿产资源、土地及农产品,强制推行奴化教育,ACD
九一八事变后不断兴起的抗日救亡运动促使国民党内部分化，出现了一批坚决抗日的爱国将领，代表人物有（   ）。难,冯玉祥,蔡廷楷,蒋光鼐,张学良,ABC
一二八事变中组织第十九路军奋起抗击日军侵略的爱国将领是（   ）。难,蔡廷锴,蒋光鼐,李济深,陈铭枢,AB
关于抗日民族统一战线形成的表述中正确的是（   ）。中,西安事变的和平解决是初步形成的标志,八一三事变加快了形成进程,八路军、新四军的组建是正式形成的标志,1937年9月国民党公布国共合作宣言，标志着抗日民族统一战线正式建立,ABD
卢沟桥事变后，在保卫北平的战斗中牺牲的国民党爱国将领是（   ）。中,张自忠,佟麟阁,郝梦龄,赵登禹,BD
抗战初期，正面战场所进行的（   ），给日军以沉重打击。易,淞沪会战,忻口会战,徐州会战,武汉会战,ABCD
下列对国民党在正面战场上组织会战的表述正确的是（   ）。中,粉碎了日本迅速灭亡中国的计划,说明国民党初期抗战态度比较积极,会战迫使日本放弃了进攻,在一定程度上挫伤了日本的气焰,ABD
正面战场连续溃败的主观原因（   ）。中,日军强大,我方力量薄弱,没有采取积极的防御方针,不敢放手发动群众,CD
1939年1月国民党五届五中全会决定“防共委员会”，确定了（   ）的方针。中,防共,限共,溶共,反共,ABCD
下列对抗日战争中两个战场的形成与相互关系的分析，正确的是（   ）。中,国共双方分别指挥各自军队在正面和敌后同日军交战,敌后战场一直是抗战的主战场,两个战场实行不同的抗战路线,两个战场共同组成全民族的抗战,ACD
抗战时期，正面战场和敌后战场的主要区别是（   ）。难,抗战的领导不同,抗战路线不同,作战方式不同,战略地位不同,ABCD
抗战初期敌后游击战争的作用有（   ）。难,配合了正面作战,抗击了侵华日军的主力,对日军后方构成战略威胁,彻底粉碎了日军速战速决的计划,AC
抗日战争分为哪三个阶段（   ）。易,防御阶段,相持阶段,决战阶段,反攻阶段,ABD
毛泽东在《论持久战》中认为抗日战争最后胜利一定属于中国的原因是（   ）。易,中国是大国，地大物博,日本是小国，经不起长期战争,中国在国际上得道多助,日本发动的是退步的、野蛮的侵略战争,ABCD
中共巩固抗日民族统一战线的策略总方针是（   ）。中,发展进步势力,争取中间势力,孤立顽固势力,消灭反动势力,ABC
抗日民主根据地的建设内容有（   ）。易,三三制的民主政权建设,减租减息、发展生产,文化建设与干部教育,整风运动,ABC
抗日战争时期，中国共产党在抗日根据地实行的“三三制”政权，政权人员的组成大体是（   ）。中,共产党员占1/3,农民代表占1/3,不左不右的中间派占1/3,非党的左派进步分子占1/3,ACD
中共1942年开展的整风运动内容有（   ）。易,反对主观主义,反对宗派主义,反对官僚主义,反对党八股,ABD
抗日战争时期，毛泽东系统论述新民主主义革命理论的文章是（   ）。难,《（共产党人）发刊词》,《中国革命和中国共产党》,《新民主主义论》,《论人民民主专政》,ABC
中国的抗日战争是世界反法西斯战争的重要组成部分，其表现是（   ）。易,中国战场年平均牵制日本的陆军的74%以上,日军在海外作战中损失的287万人中，有150万人伤亡在中国战场,中国为盟国提供了大量的战略物资和军事情报,世界反法西斯力量对中国的援助,ABCD
1947年3月，国民党军队重点进攻的解放区是（   ）。易,山东,中原,华东,陕北,AD
人民解放军粉碎国民党全面与重点进攻的作战原则和方法主要是（   ）。中,分兵作战化整为零的原则,歼灭敌人有生力量的原则,运动战的作战方法,外线作战的战略方针,BC
中国共产党派代表参加重庆谈判的主要目的是（   ）。中,尽力争取国内和平,揭露美蒋假和平的阴谋,准备反击蒋介石的反共进攻,团结和教育广大人民,ABCD
抗战胜利初期，中国共产党的主要政治任务是（   ）中,参加重庆谈判，商讨建国大计,争取和平民主,召开政协会议,反对内战独立,BD
参加1946年重庆政治协商会议的成员包括（   ）。中,国民党,共产党,民主同盟,青年党和无党派人士,ABCD
1946年政治协商会议召开后，中共在努力履行政协协议的同时，也做好了自卫战争的准备，将（   ）定为解放区的三件中心工作。中,垦荒,练兵,减租,生产,BCD
通过重庆谈判和签订的“双十协定”，中共取得的成果有（   ）。中,在全国人民面前表现了和平诚意,迫使国民党承认和平建国的基本方针,实现了中共在国家政治生活中的合法地位,团结了民主力量,ABD
对1946年政协会议协议的有关表述，正确的是（   ）。难,有利于实现民主政治与和平建国,在许多方面反映了人们的愿望,体现了民主协商的精神,很快被国民政府撕毁,ABCD
解放战争时期国民党镇压爱国民主运动，制造的惨案有（   ）中,“一二・一”惨案,平江惨案,下关惨案,李、闻惨案,ACD
1947年土地改革政策的内容包括（   ）。难,减租减息,废除封建剥削的土地制度,实行耕者有其田的土地制度,把土地分配给无地或少地的农民,BCD
1946―1948年国统区纸币发行量呈几倍甚至几十倍的增长，这说明（   ）。中,国民政府财政金融体系出现严重危机,国统区经济飞速发展,广大人民生活在水深火热之中,必然导致工商企业的大量破产,ACD
1947年6月底，根据中共中央的决策和部署，将战争引向国民党区域的三路大军分别是（   ）。难,刘伯承、邓小平率领的晋冀鲁豫野战军主力,陈毅、粟裕指挥的华东野战军主力,林彪、彭真指挥的东北解放军主力,陈赓、谢富治指挥的晋冀鲁豫解放军一部,ABD
长期与共产党合作的民主党派有（   ）。中,民革民盟,民建民进,民促社会党,农工党致公党,ABCD
下列民主党派中成立于抗日战争和解放战争时期的是（   ）。难,中国民主同盟,中国民主建国会,中国民主促进会,九三学社,AD
在新民主主义革命时期，有三种建国方案可由中国人民在政治实践中选择，但从根本上说可供中国人民选择的方案主要是（   ）。易,在中国建立资产阶级共和国,继续维持半殖民地半封建的旧中国,创建新民主主义的新中国,在中国建立社会主义国家,BC
在1921年中国共产党成立到1949年新中国成立以前的时期，中国存在的三种主要的政治力量是（   ）。中,地主阶级和买办性的大资产阶级,民族资产阶级,城市小资产阶级和农村广大士绅,工人阶级、农民阶级和城市小资产阶级,ABD
在近代中国，民族资本主义经济的发展受到多方面的阻碍，主要有（   ）。中,外国资本的压迫,官僚资本的排挤,封建生产关系的束缚,军阀官僚政府的压榨,ABCD
中国民族资产阶级是一个带两重性的阶级，这两重性是指（   ）。易,革命性,软弱性,动摇性,不彻底性,AB
1949年1月，李济深、沈钧儒等民主党派的领导人和著名的无党派民主人士55人联合发表《对时局的意见》，其中的观点和表明的态度包括（   ）。难,民主党派和无党派民主人士拥护成立人民民主的新中国,认可共产党提出的召开政治协商会议的主张,认可共产党提出的建立联合政府的主张,民主党派和无党派民主人士自愿接受了共产党的领导,ABCD
关于1949年国共北平和谈各方目的叙述正确的是（   ）。难,蒋介石以和谈作缓兵之计,李宗仁企图与共产党划长江而治,蒋介石为了退居幕后指挥,中共为了迅速结束战争，实现国内和平,ABD
1948年9月至1949年1月，中国人民解放军进行的三大战役是（   ）。易,辽沈战役,淮海战役,渡江战役,平津战役,ABD
人民解放战争战略决战背景是（   ）。中,敌我双方力量对比发生重大变化,我军兵力迅速增加，装备改善,国民党兵力不足，开始重点防御,翻身农民踊跃参军参战,ABCD
在新民主主义革命时期，压在中国人民身上的“三座大山”是指（   ）。易,外国帝国主义,本国封建主义,本国资本主义,官僚资本主义,ABD
中国共产党领导人民革命取得胜利的法宝有（   ）。易,自力更生,统一战线,武装斗争,党的建设,BCD
统一战线是共产党领导人民革命取得胜利的一大法宝，关于统一战线的说法正确的有（   ）。中,统一战线是坚持和发展革命的政治基础,统一战线包括工人阶级同农民和其他劳动人民的联盟，其中主要是工农联盟,统一战线包括工人阶级同民族资产阶级和其他可以合作的非劳动人民的联盟，其中主要是同民族资产阶级的联盟,巩固和扩大统一战线的关键是坚持工人阶级及其政党的领导权,ABCD
新中国成立初期，以毛泽东为代表的中国共产党人提出外交方针是（   ）,另起炉灶,打扫干净屋子再请客,一边倒,孤立主义,ABC
有中国特点的农业互助合作道路所采取的组织形式有（   ）,互助组,农村经济协作组,农业生产合作社,人民公社,AC
“一五”计划实施期间，我国同时完成了（   ）,对知识分子的社会主义改造,对农业的社会主义改造,对手工业的社会主义改造,对资本主义工商业的社会主义改造,BCD
1949年至1952年，新中国开展的重大运动包括（   ）,土地改革运动,镇压反革命运动,三反运动,五反运动,ABCD
1956年，我们党团结带领中国人民完成了社会主义革命，确立了社会主义基本制度，消灭了一切剥削制度，推进了社会主义建设。这是中国共产党的伟大历史贡献之一，其历史意义在于（   ）,极大提高了工人阶级和广大人民群众积极性和创造性,为当代中国一切发展进步奠定了根本政治保障,为社会主义先进文化发展指明了方向,极大促进了我国社会生产力的发展,ABCD
我国的社会主义改造是一场伟大的社会变革，但是在改造后期也出现了一些偏差，遗留了一些问题，具体表现在（   ）,要求过急,生产资料所有制形式和经济成分过于简单化一,没有完成对私营工商业的改造,工作过粗、改变过快,ABD
以下对《论十大关系》的表述正确的是（   ）,它是新中国成立以来中央领导集体深入调查研究的成果,它为中共八大的召开作了理论准备,十大关系之一是中央与地方的关系,十大关系围绕的基本方针是调动一切积极因素，把我国建设成为一个强大的社会主义国家,ABCD
中共八大的主要贡献是（   ）,正确分析了国内主要矛盾,坚持既反保守又反冒进的经济建设方针,强调健全党内民主集中制,提出正确处理人民内部矛盾,ABC
《关于正确处理人民内部矛盾的问题》提出的两类不同性质的矛盾是（   ）,敌我之间的矛盾,人民内部的矛盾,中华民族同国际帝国主义的矛盾,社会主义同资本主义的矛盾,AB
以下对于反右派斗争表述正确的是（   ）,对极少数右派分子的进攻实行坚决反击是完全正确的和必要的,反右派斗争是完全错误的和不必要的,反右派斗争被严重地扩大化,把大量思想认识问题当做政治问题,ACD
1961年，中共八届九中全会提出调整国民经济的方针是（   ）,调整,巩固,充实,提高,ABCD
“大跃进”和人民公社化运动运动时期所犯的“左”倾错误的主要标志是（   ）,高指标,瞎指挥,浮夸风,“共产风”,ABCD
新中国在发展国民经济第一个五年计划指导下，重点建设的钢铁基地有（   ）,鞍山,包头,上海,武汉,ABD
“文化大革命”的性质是（   ）的内乱,被外国势力策动的,由领导者错误发动的,被反革命集团利用的,给党、国家和各族人民带来严重灾难,BCD
1964年，周恩来提出要实现“四个现代化”的历史任务，包括（   ）的现代化,农业,工业,国防,科学技术,ABCD
1956年至1976年的20年中，我国社会主义建设在曲折探索中仍然取得了很大成就，包括（   ）,独立、完整的工业体系基本建立,经济得以增长，例如，重工业各主要部门新建的大中型项目绝大部分是在此时期开工的,科教上取得突出成就，尤其是国防科技进展最为显著,广大农民和职工的生活水平比解放初有了很大的改善,ABCD
“一五”期间到1976年间形成的新时代精神包含（   ）,王进喜铁人精神,焦裕禄精神,女排精神,雷锋精神,ABD
1956-1976年间，新中国国际地位提高与国际环境改善的表现有（   ）,1971年，联合国大会决定恢复中华人民共和国在联合国的一切合法权利,1972年，中美关系正常化,中国倡导和平共处五项原则，成为处理国际关系的准则,1972年中日正式建交,ABCD
“两个凡是”的错误在于（   ）,在理论上违背了马克思主义基本原理,在理论上违背了党的实事求是的思想路线,在实践上给坚持真理、修正错误造成了障碍,违背了党的为人民服务的宗旨,ABC
中共十七大全面阐释了科学发展观的科学内涵、精神实质和根本要求，以下说法正确的是（   ）,第一要义是发展,核心是以人为本,基本要求是全面协调可持续,根本方法是统筹兼顾,ABCD
1985年2月，中共中央和国务院决定设立的沿海经济开放区是（   ）,长江三角洲,珠江三角洲,环渤海地区,闽南厦门泉州漳州三角地区,ABD
20世纪90年代，中国在推进祖国统一大业方面取得的重大进展有（   ）,促成海峡两岸达成“九二共识”,促成海峡双边举行“汪辜会谈”,恢复对香港行使主权,恢复对澳门行使主权,ABCD
构建社会主义和谐社会的战略思想提出后，中国特色社会主义事业的总体布局包括（   ）,经济建设,政治建设,文化建设,社会建设,ABCD
2001年，中国加入世界贸易组织，成为进一步推进（   ）对外开放的重要契机,全方位,多层次,宽领域,多方面,ABC
西部大开发战略在世纪之交实施后，党和政府着力加强西部基础设施建设，重点展开了哪几项标志性工程建设？（   ）,西电东送,西气东输,青藏铁路,川藏铁路,ABC
改革开放以来，我国形成的基层民主自治体系包括（   ）,农村村民委员会,城市居民委员会,学校学生会,企业职工代表大会,ABD
五位一体总体布局包括（   ）和生态文明建设。,经济建设,政治建设,文化建设,社会建设,ABCD
“四个全面”战略布局包括（   ）,全面深化改革,全面依法治国,全面建成小康社会,全面从严治党,ABCD
四个自信包括（   ）,道路自信,理论自信,制度自信,文化自信,ABCD
在政治建设上，要坚持（   ）有机统一，健全人民当家作主制度体系。,党的领导,人民当家作主,依法治国,经济建设,ABC
党的十九大指出，中国共产党人的初心和使命，就是（   ）,为中国人民谋幸福,全心全意为人民服务,为中华民族谋复兴,立党为公、执政为民,AC
鸦片战争一声炮响，给中国带来了近代文明。（   ）易,N,,,,
鸦片战争前中国就是半殖民地半封建社会。（   ）易,N,,,,
1840年，英国发动了侵略中国的鸦片战争，开启了中国近代史的起点。（   ）易,Y,,,,
中国半殖民地半封建社会的含义是指中国一半是殖民地，一半是封建社会。（   ）易,N,,,,
鸦片战争后，中国新兴的民族资本主义经济已经产生，所以也可以称中国社会是半殖民地半资本主义社会。（   ）难,N,,,,
鸦片战争后，中国的自然经济被破坏，地主阶级和农民阶级的对抗出现缓和。（   ）中,N,,,,
中国民族资本主义与外国帝国主义和本国封建主义之间，既有对立的一面，又有依附的一面，这种情况决定了中国民族资产阶级在政治上既有革命性的一面，又有反革命性的一面。（   ）难,N,,,,
民族资产阶级和小资产阶级。（   ）难,N,,,,
中国近代社会的主要矛盾是帝国主义和中华民族的矛盾，无产阶级和资产阶级的矛盾。（   ）易,N,,,,
近代中国要争得民族独立和人民解放，首先要进行反帝反封建的民主革命。（   ）难,Y,,,,
《南京条约》的签订标志着中国半殖民地半封建社会的形成。（   ）易,N,,,,
西方殖民者在亚洲要完成“双重使命”：“一是破坏性使命，即消灭旧的亚洲式社会，另一是建设性使命，即在亚洲为西方式社会奠定物质基础。”（   ）难,Y,,,,
鸦片战争后，我国劳动人民日益贫困，自然经济解体是其根本原因。（   ）易,N,,,,
根据“领事裁判权”的规定，如果英国侨民在中国犯罪，那么，英国驻华领事必须依据中国法律作出有罪判决。（   ）难,N,,,,
允许外国人在通商口岸“投资设厂”，这是八国联军侵华战争以后，清政府与11国代表签订的《辛丑条约》中的条款之一。（   ）中,N,,,,
外国侵略者劫洗并烧毁圆明园的罪行发生在第一次鸦片战争。（   ）易,N,,,,
1860年《北京条约》规定，外国公使可以常驻北京。（   ）中,N,,,,
近代中国赔款最多的条约是《马关条约》。（   ）易,N,,,,
在中国近代史上，《辛丑条约》是帝国主义向中国勒索最多赔款的条约。（   ）中,Y,,,,
中国近代史上逼迫中国赔款最多的国家是日本。（   ）。中,Y,,,,
1900年6月，八国联军发动侵华战争后，清政府经过激烈争论，决定支持义和团并允许义和团进入北京，表明清政府反对八国联军的侵略，态度是坚决的。（   ）难,N,,,,
使近代中国开始沦为半殖民地半封建社会的第一个不平等条约是《辛丑条约》。（   ）易,N,,,,
《辛丑条约》的签订标志着中国社会半殖民地半封建化进一步加深。（   ）中,N,,,,
帝国主义列强获得了在中国领土上驻兵的特权是通过《辛丑条约》。（   ）难,Y,,,,
近代中国历史进程中，资本帝国主义势力没有操控中国的财政经济命脉。（   ）易,N,,,,
鸦片战争后列强一再谋求扩大在华的传教权，其根本目的是传播西方文化。（   ）中,N,,,,
义和团运动是一次伟大的农民反帝爱国运动，代表了农民斗争的最高峰。（   ）中,N,,,,
列强瓜分中国图谋破产的根本原因是帝国主义列强之间的矛盾和互相制约。（   ）难,N,,,,
中国人民的英勇反抗是中国没有沦为完全殖民地的根本原因。（   ）中,Y,,,,
帝国主义的侵略和封建主义的压迫是近代中国贫穷落后的根源。（   ）易,Y,,,,
近代中国由于经济技术落后，所以不可能取得反侵略战争的胜利。（   ）中,N,,,,
中国近代历次反侵略战争失败的根本原因一是社会制度的腐败，二是经济技术的落后。（   ）中,Y,,,,
近代中国人民反侵略战争失败的根本原因是武器装备的落后。（   ）易,N,,,,
西方列强的入侵给中华民族带来了灾难，但也刺激了民族意识的觉醒。（   ）中,Y,,,,
中国近代“睁眼看世界的第一人”是严复。（   ）易,N,,,,
魏源的《海国图志》是在林则徐《四洲志》的基础上写成的。（   ）中,Y,,,,
鸦片战争中林则徐第一个提出了“师夷长技以制夷”的口号，被称为近代中国睁眼看世界的第一人。（   ）中,N,,,,
《天演论》中提出了“师夷长技以制夷”的思想。（   ）易,N,,,,
近代史上严复第一个提出了“振兴中华”的口号。（   ）难,N,,,,
1851年1月，洪秀全率拜上帝教教众发动起义，建号太平天国，并定都天京。（   ）中,N,,,,
“天京事变”是太平天国革命失败的根本原因。（   ）易,N,,,,
《资政新篇》是洪秀全提出的一个学习资本主义的方案。（   ）难,N,,,,
太平天国失败的标志是天京事变。（   ）中,N,,,,
《天朝田亩制度》的中心内容是推翻清王朝的反动统治。（   ）易,N,,,,
洋务运动实现了中国国富民强的目标。（   ）易,N,,,,
洋务运动在客观上刺激了中国民族资本主义的产生和发展。（   ）中,Y,,,,
洋务运动破产的根本原因是西方列强的破坏。（   ）难,N,,,,
洋务运动的指导思想是“中学为体，西学为用”。（   ）中,Y,,,,
戊戌维新是资产阶级维新派发动的一次救亡图存的爱国运动。（   ）易,Y,,,,
戊戌维新运动实质上是一场封建统治阶级的自救运动。（   ）难,N,,,,
维新派变法维新的基本纲领具有进步意义。（   ）易,Y,,,,
变法维新运动的性质是资产阶级领导的反帝爱国运动。（   ）难,N,,,,
孙中山三民主义思想的核心是民族主义。（   ）易,N,,,,
中国最早的资产阶级革命团体是同盟会。（   ）易,N,,,,
1901年，在慈禧太后的默许下，满清政府进行改革，改革内容多与1898年的戊戌变法雷同，史称“清末新政”。（   ）易,Y,,,,
孙中山的的三民主义学说，是一个比较完整而明确的资产阶级民主革命纲领（   ）。易,Y,,,,
科举制废除于洋务运动时期。（   ）易,N,,,,
兴中会是中国第一个全国性的资产阶级革命政党。（   ）中,N,,,,
谭嗣同是辛亥革命时期的著名革命者。（   ）难,N,,,,
民生主义就是孙中山所说的社会革命。（   ）难,Y,,,,
中国民族资产阶级与帝国主义、封建势力联系较少，受帝国主义、封建势力的压迫较深，因而具有较强的革命性，成为资产阶级革命派的阶级基础。（   ）易,N,,,,
同盟会的机关刊物是《民报》。（   ）易,Y,,,,
民族主义包括“驱除鞑虏，恢复中华”两项内容。（   ）易,Y,,,,
中国同盟会是近代中国第一个领导资产阶级革命的全国性政党。（   ）易,Y,,,,
1903年，章炳麒发表了《驳康有为论革命书》。（   ）易,Y,,,,
1905年，孙中山和黄兴、宋教仁在日本东京成立中国同盟会。（   ）易,Y,,,,
中国反帝反封建的资产阶级民主革命，正规地说起来，是从孙中山先生开始的。（   ）中,Y,,,,
孙中山在兴中会成立时喊出了“振兴中华”的时代最强音。（   ）易,Y,,,,
孙中山的“平均地权”主张，没有正面触及封建土地所有制。（   ）中,Y,,,,
辛亥革命是比较完全意义上的资产阶级民主革命。（   ）易,Y,,,,
袁世凯窃夺辛亥革命的果实之后，建立了代表大地主和买办资产阶级利益的北洋军阀反动政权。（   ）易,Y,,,,
南京临时政府不是一个资产阶级性质的政权。（   ）中,N,,,,
辛亥革命推翻了两千多年来的封建统治，完成了资产阶级民主革命的任务。（   ）中,N,,,,
辛亥革命结束了两千多年的君主专制统治，建立了中国历史上第一个资产阶级共和国，所以，辛亥革命的胜利彻底改变了中国半殖民地半封建社会的性质。（   ）难,N,,,,
1912年8月，宋教仁把同盟会改组为中华革命党。（   ）难,N,,,,
辛亥革命给人民带来了一次思想上的解放，激发了人民的爱国热情和民族觉醒。（   ）易,Y,,,,
辛亥革命的领袖孙中山先生是中国民主革命的伟大先行者。（   ）易,Y,,,,
孙中山并没有找到中国的真正出路。（   ）易,Y,,,,
1912年颁布的《中华民国临时约法》是中国历史上第一部具有资产阶级国和国宪法性质的法典。（   ）易,Y,,,,
辛亥革命使民主共和观念深入人心，并且结束了中国的封建君主专制制度。（   ）中,Y,,,,
辛亥革命完成了反帝反封建的任务，所以说辛亥革命取得了胜利。（   ）易,N,,,,
辛亥革命失败的根本原因在于革命党的妥协退让和袁世凯的势力强大。（   ）难,N,,,,
袁世凯死后北洋政府统治下的中国是统一的。（   ）难,N,,,,
辛亥革命结束了中国半殖民地半封建社会的状况。（   ）中,N,,,,
北洋军阀是在清末由袁世凯一手培植的反动政治武装集团。（   ）中,N,,,,
北洋军阀是在清朝灭亡后由袁世凯建立起来的带有浓厚封建性的反动政治武装集团。（   ）难,Y,,,,
辛亥革命失败的主要原因不能归结为是由于袁世凯窃取了辛亥革命的成果。（   ）中,Y,,,,
《临时约法》具有资产阶级共和国宪法性质。（   ）中,Y,,,,
产生近代军阀割据混战的直接原因是由于袁世凯死了，失去了其总头目。（   ）难,Y,,,,
辛亥革命胜利了，又失败了。（   ）难,Y,,,,
五四运动是新民主主义革命的开端。（   ）易,Y,,,,
五四运动标志着中国旧民主主义革命的开端。（   ）易,N,,,,
新文化运动标志着中国新民主主义革命的开端。（   ）易,N,,,,
1917年俄国的十月革命，推动了社会主义思想在中国的传播。（   ）易,Y,,,,
新文化运动的倡导者对资本主义持完全接受的态度。（   ）易,N,,,,
十月革命推动中国的先进分子从资产阶级民主主义转向社会主义（   ）易,Y,,,,
五四运动为1921年中国共产党的成立作了思想上和干部上的准备。（   ）中,Y,,,,
五四运动是一次真正的群众运动。（   ）中,Y,,,,
五四运动促进了马克思主义在中国的传播及其与中国工人运动的结合。（   ）难,Y,,,,
五四运动表现了反帝反封建的彻底性。（   ）中,Y,,,,
五四运动的直接导火线，是巴黎和会上中国外交的失败。（   ）中,Y,,,,
李大钊是中国的第一个马克思主义者。（   ）易,Y,,,,
五四运动爆发的根本原因是巴黎和会中国外交的失败。（   ）难,N,,,,
陈独秀是中国的第一个马克思主义者。（   ）易,N,,,,
中国的工人阶级具有坚强的革命性。（   ）易,Y,,,,
中国的民族资本经济与封建势力有千丝万缕的联系。（   ）难,Y,,,,
在1919年五四到1949年新中国成立以前这个时期，中国仍然是半殖民地半封建社会。（   ）中,Y,,,,
新文化运动提倡民主与科学。（   ）中,Y,,,,
早期马克思主义思想运动重视对马克思主义基本理论的学习，注意从中国的实际出发，开始提出知识分子应当同劳动者相结合的思想。（   ）难,Y,,,,
中国共产党的成立具有偶然性。（   ）易,N,,,,
中共“一大”制定了民主革命纲领。（   ）易,N,,,,
中共建党之初主要成员是工人。（   ）易,N,,,,
中国工人阶级政党最早的组织是在敌人统治力量薄弱的农村建立的。（   ）易,N,,,,
中国共产党成立，第一次提出了反帝反封建的民主革命的纲领，为中国人民指出了明确的斗争目标。（   ）中,Y,,,,
中国共产党诞生标志着新民主主义革命的开端，也使中国革命的面貌焕然一新。（   ）中,N,,,,
中国共产党一开始就是一个以马克思列宁主义理论为基础的党。（   ）难,Y,,,,
中国共产党第一次全国代表大会于1921年7月23日在上海举行。（   ）易,Y,,,,
中国共产党第一次全国代表大会最后一天的会议是在嘉兴南湖。（   ）易,Y,,,,
中国共产党第一次全国代表大会确定党的名称为中国共产党。（   ）易,Y,,,,
中国共产党第一次全国代表大会决定首先集中精力组织工人。（   ）易,Y,,,,
中国共产党“一大”时期的党几乎完全由知识分子组成。（   ）易,Y,,,,
中国共产党第一次全国代表大会召开时只有几十个党员。（   ）易,Y,,,,
中国无产阶级是一个最有觉悟性和最有组织性的阶级。（   ）易,Y,,,,
在共产党早期组织的领导下，1920年1月社会主义青年团在上海成立。（   ）难,Y,,,,
中国共产党是马克思主义理论与中国工人阶级相结合的产物。（   ）中,Y,,,,
五四运动的直接导火索，是巴黎和会上中国外交的失败。（   ）易,Y,,,,
1924年1月，中国国民党第一次全国代表大会在孙中山主持下在广州举行。（   ）易,Y,,,,
第一次国共合作时期的“三大政策”是联俄、联共、扶助农工。（   ）易,Y,,,,
第一次国共合作正式形成的标志是中共二大的召开。（   ）易,N,,,,
大革命后期中共中央领导机关犯了“左”倾机会主义错误。（   ）中,N,,,,
1925年到1927年中国反帝反封建的革命被称作大革命。（   ）易,Y,,,,
大革命失败后，蒋介石建立了南京国民政府。此后，中国社会性质发生了根本的变化。（   ）难,N,,,,
1923年京汉铁路罢工被北洋政府血腥镇压，中国的第一次工人运动高潮结束。（   ）难,Y,,,,
中国共产党在1922年7月召开的二大上，决定参加共产国际。（   ）中,Y,,,,
中国共产党第三次代表大会的召开，标志着第一次国共合作的正式形成。（   ）中,N,,,,
第一次国共合作的政治基础是孙中山的旧三民主义。（   ）易,N,,,,
国民党统治的建立，并没有使中国摆脱帝国主义的压迫。（   ）易,Y,,,,
中共二大，提出了反帝反封建的民主革命纲领。（   ）难,Y,,,,
第一次国共合作采用的是“党内合作”的形式。（   ）易,Y,,,,
1923年党的“三大”对第一次国共合作的方针和方法作出正式的决定。（   ）易,Y,,,,
中国共产党不同国民党实行合作就不会导致国民革命的失败。（   ）难,N,,,,
1925年至1927年的革命，比以往任何一次革命群众动员程度更广泛。（   ）难,Y,,,,
没有国共合作，不会在短时间内掀起轰轰烈烈的大革命。（   ）难,Y,,,,
五卅运动标志着全国范围内革命高潮的到来。（   ）易,Y,,,,
第一次国共合作后的大革命的主要斗争形式是革命战争。（   ）易,Y,,,,
第一次国共合作后的大革命是中国历史上空前广泛而深刻的群众运动。（   ）易,Y,,,,
在工人阶级政党产生以前，中国国民党及其前身在中国革命中起领导作用。（   ）中,Y,,,,
中国共产党成立后的第一次工人运动失败的教训，是工人群众没有真正团结起来，形成坚强的战斗力量。（   ）难,N,,,,
第一次国共合作的组织形式是改组后的国民党。（   ）易,Y,,,,
中国共产党第二次全国代表大会制定的最低纲领，是彻底的反帝反封建的民主革命纲领。（   ）难,Y,,,,
中国革命是在俄国十月革命影响下发生和发展的，所以中国革命应该象俄国一样按“城市中心”模式进行。（   ）难,N,,,,
广州起义打响了武装反抗国民党反动统治的第一枪。（   ）难,N,,,,
1927年中共中央召开了八七会议，彻底清算了陈独秀左倾教条主义错误。（   ）易,N,,,,
1927年4月18日，南京国民政府成立，国民党所实行的是代表地主阶级、买办性的大资产阶级利益的一党专政和军事独裁统治。（   ）易,Y,,,,
南昌起义虽然失败了，但它宣告了中国共产党独立领导革命战争、创建人民军队、武装夺取政权的开始。（   ）中,Y,,,,
秋收起义、广州起义、南昌起义一起，构成了大革命失败后共产党领导的三大著名起义。（   ）易,Y,,,,
湘赣边界秋收起义和向井冈山进军是将革命的退却和进攻结合起来的典范，也是把党的工作重心转到农村的开始。（   ）易,Y,,,,
《井冈山土地法》是中国共产党制定的第一个土地法。（   ）易,Y,,,,
八七会议使中国共产党在政治上大大前进了一步，开始了从大革命失败到土地革命战争兴起的转折。（   ）易,Y,,,,
毛泽东不仅在实践中首先把革命的进攻方向指向了农村，而且从理论上阐明了武装斗争的极端重要性和农村应当成为党的工作中心的思想。（   ）难,Y,,,,
“没有调查，没有发言权”是毛泽东在《星星之火，可以燎原》中提出来的。（   ）易,N,,,,
兴国土地法对井冈山土地法的原则性改正：将“没收一切土地”改为“没收一切公共土地及地主阶级的土地”。（   ）难,Y,,,,
1927年9月9日，毛泽东等领导的湘赣边界秋收起义爆发。起义军公开打出了“工农革命军”的旗帜。（   ）易,Y,,,,
南昌起义是中国共产党独立领导革命战争、创建人民军队和武装夺取政权的开端。（   ）易,Y,,,,
1927年8月7日，中共中央在汉口召开八七会议。（   ）易,Y,,,,
农村包围城市，武装夺取政权的理论，是对1927年革命失败后的中国共产党领导的红军和根据地斗争经验的科学概括。（   ）难,Y,,,,
以农村为重点，到农村去发动农民，进行土地革命，开展武装斗争，建设根据地，这是1927年以后中国革命发展的客观规律所要求的。（   ）难,Y,,,,
1928年颁布的规定国民党一党专政独裁统治的文件是《训政纲领》。（   ）中,Y,,,,
从1927年7月大革命失败到1935年1月遵义会议召开之前，左倾错误先后三次在党中央的领导机关取得了统治地位。（   ）难,Y,,,,
开展土地革命就是要消灭封建地主土地私有制，实行农民的土地私有制，解放和发展农村生产力。（   ）难,Y,,,,
遵义会议开始确立以毛泽东为代表的马克思主义的正确路线在中共中央的领导地位。（   ）易,Y,,,,
第五次反“围剿”的失败充分证明了中国共产党的正确领导是红色政权存在的最重要条件。（   ）难,Y,,,,
遵义会议清算了王明“左”倾错误路线的思想根源。（   ）难,N,,,,
中共党史上经历的三次“左”倾错误分别是以瞿秋白为代表的“左”盲动主义错误、以李立三为代表的“左”倾冒险主义错误和以王明为代表的“左”倾教条主义错误。（   ）易,Y,,,,
到1930年初，共产党领导人民群众建立了大小十几块农村根据地，红军发展到7万人，连同地方武装共约10万人。（   ）难,Y,,,,
1927年“八七”会议上，中共提出了开展土地革命的方针，这表明中共决定将工作重心转移到农村。（   ）易,N,,,,
中央红军主力开始长征后，项英、周恩来等率领中央根据地留下的部分红军在南方坚持进行艰苦的游击战争。（   ）易,N,,,,
6万人撤离根据地，向西突围转移，开始长征。（   ）易,Y,,,,
长征初期，中共中央领导人王明依靠与共产国际有关系的军事顾问、德国人李德，犯了退却中的逃跑主义错误。（   ）易,N,,,,
赣南会议取消了毛泽东在中央根据地红军中的领导地位。（   ）易,Y,,,,
1930年10月至1931年7月，红一方面军在毛泽东和朱德等指挥下，连续粉碎了国民党军队的三次“围剿”，连接了赣南闽西，形成了中央根据地。（   ）中,Y,,,,
中央红军主力开始长征后，项英，陈毅等率领中央根据地留下的部分红军在南方坚持进行艰苦的游击战争。（   ）难,Y,,,,
1936年10月，红二、四方面军先后同红一方面军在会宁会师。至此，三大主力军的长征胜利结束。（   ）易,Y,,,,
遵义会议后，中共中央政治局成立了三人军事指挥小组，其成员有毛泽东、周恩来、朱德。（   ）易,N,,,,
国民革命失败后，中国革命进入低潮。（   ）易,Y,,,,
1932年9月18日，日本关东军炮轰东北军驻地北大营，制造九一八事变。（   ）易,N,,,,
九一八事变是中国全国性抗战的开始，中国在东方开辟了世界第一个大规模的反法西斯战场。（   ）中,N,,,,
九一八事变之后，日本开始了全面侵华战争。（   ）易,N,,,,
西安事变的和平解决是扭转时局的枢纽，标志着以国共第二次合作为基础的抗日民族统一战线的正式建立。（   ）中,N,,,,
卢沟桥事变之后，日本开始全面侵华战争。（   ）易,Y,,,,
全面抗战开始后中共西北红军改编为八路军，南方八省游击队改编为新四军。（   ）易,Y,,,,
抗日战争前期，国民党正面战场是抗日的主战场。（   ）易,Y,,,,
国民党政府在抗日战争中执行的是片面抗战路线。（   ）易,Y,,,,
中国抗战以来第一次大捷是台儿庄大捷。（   ）中,N,,,,
国民政府迁都重庆后，中国西部大部分地区成为抗日战争时期的“大后方”。（   ）易,Y,,,,
1938年3月，李宗仁率部在台儿庄歼灭日军万余人，取得抗战以来中国军队的第一场重大胜利，粉碎了日军不可战胜的神话。（   ）中,N,,,,
抗战中，国民党军队一触即溃，所以，抗日战争的胜利完全是共产党领导八路军，新四军进行艰苦奋斗的结果。（   ）中,N,,,,
洛川会议制定了建立抗日民族统一战线的策略。（   ）难,N,,,,
全面抗战路线和片面抗战路线的根本分歧是要不要共产党军队参加抗战。（   ）中,N,,,,
抗日民族统一战线形成后，必须“一切经过统一战线”，“一切服从统一战线”。（   ）中,N,,,,
战略相持和战略反攻三个阶段，其中战略反攻是中国取得抗战胜利最关键的一个阶段。（   ）难,N,,,,
抗日战争的初期和中期，游击战具有一定的战略地位和全局意义。（   ）易,Y,,,,
中国共产党在抗日战争时期的土地政策是没收地主土地，彻底消灭土地所有制。（   ）中,N,,,,
国民党员和民主党派各占1/3。（   ）中,N,,,,
延安整风运动的中心内容是反对宗派主义。（   ）中,N,,,,
中共七大上正式命名了“毛泽东思想”并把其规定为党的一切工作的指针。（   ）易,Y,,,,
抗日战争奠定了中国在国际上的政治大国地位。（   ）中,Y,,,,
抗战胜利后，蒋介石发动内战的方针已定，因此谈判是没有必要的。（   ）易,N,,,,
抗日战争胜利后，国共两党举行了重庆谈判，以商谈关于中国和平发展问题。（   ）中,Y,,,,
抗战结束后，中国人民有和平建国的强烈要求。（   ）易,Y,,,,
重庆谈判和政治协商会议斗争的焦点是革命的领导权问题。（   ）难,N,,,,
重庆谈判期间，中国共产党领导人民军队取得自卫战争胜利的战役是邯郸战役。（   ）中,N,,,,
1945年8月28日，毛泽东同周恩来、王若飞赴重庆与国民党当局进行谈判。（   ）易,Y,,,,
土地制度的彻底改革，是解放战争时期中国革命一项基本任务。（   ）易,Y,,,,
根据《中国土地法大纲》的规定，中国共产党将抗日战争时期减租减息的土地政策，改变为实现耕者有其田的政策。（   ）难,N,,,,
统一战线对中国革命来说是极为重要的。（   ）易,Y,,,,
1947年10月，国民党当局宣布民盟为“非法团体”，明令“严加取缔”。此后，民盟放弃了其政治主张，站到了新民主主义革命的立场上。（   ）难,Y,,,,
中国人民政治协商会议第一届全体会议通过的《中国人民政治协商会议共同纲领》有临时宪法的作用。（   ）易,Y,,,,
中国共产党战胜国民党反动派的军事原则是集中优势兵力，各个歼灭敌人。（   ）易,Y,,,,
三大战役结束的时间顺序为：辽沈/平津/淮海。（   ）难,N,,,,
中国革命必须通过武装斗争才能取得胜利。（   ）易,Y,,,,
中国革命的胜利是我国人民独立自主、自力更生的结果。（   ）易,Y,,,,
中国共产党在中国革命中战胜敌人的三个法宝是：统一战线、武装斗争、党的建设。（   ）难,Y,,,,
中国共产党在过渡时期的总路线和总任务是实现三大改造。（   ）,N,,,,
我国对资本主义工商业的社会主义改造采取的政策是和平赎买。（   ）,Y,,,,
中华人民共和国成立后头三年的主要任务是对生产资料私有制的社会主义改造。（   ）,N,,,,
毛泽东在《论十大关系》中，提出了优先发展重工业的中国工业化道路的思想。（   ）,N,,,,
中国共产党在“七千人大会”上正式提出了实现“四个现代化”的宏伟目标。（   ）,N,,,,
1960年中共中央发出《关于农村人民公社当前政策问题的紧急指示信》以及1961年中共八届九中全会决定对国民经济实行“调整、巩固、充实、提高”的八字方针，标志着“大跃进”运动实际上已经被停止。（   ）,Y,,,,
“七千人大会”发扬了党内的民主和自我批评精神。（   ）,Y,,,,
1973年召开的中国共产党第十次全国代表大会，部分纠正了“文化大革命”的错。（   ）,N,,,,
“文化大革命”期间，在党和人民共同努力下，我国各项工作在艰难中仍然取得重要进展。（   ）,Y,,,,
中国加入世界贸易组织的时间是2000年12月。（   ）,N,,,,
2005年，我国通过《反分裂国家法》的会议是十届全国人大三次会议。（   ）,Y,,,,
中共十四大明确提出，我国经济体制改革的目标是建立社会主义有计划的商品经济体制（   ）,N,,,,
从2007年开始的美国次贷危机，到2008年演化成一场全球性的金融危机。（   ）,Y,,,,
2006年3月，“十一五”规划第一次将延续50多年的“计划”改为“规划”。（   ）,Y,,,,
中国共产党第十七次全国代表大会将“三个代表”重要思想确立为中国共产党必须长期坚持的指导思想，写入党章。（   ）,N,,,,
1992年11月，海峡两岸就如何表述坚持一个中国原则的问题，达成“海峡两岸同属一个中国，共同努力谋求国家统一”的共识，后被称为“九二共识”。（   ）,Y,,,,
“上海合作组织”是第一个由中国参与推动建立并以中国城市命名的地区性合作组织。（   ）,Y,,,,
1978年12月，我国同美国发表正式建交的联合公报。（   ）,Y,,,,
当前，我国仍长期处于社会主义出击阶段的基本国情没有变，我们是世界最大发展中国家的国际地位没有变。（   ）,Y,,,,
2013年秋，习近平提出了共建丝绸之路经济带和21实际海上丝绸之路的倡议。（   ）,Y,,,,
党的十八大把习近平总书记党中央的核心、全党的核心地位，写入党章。（   ）,N,,,,
2014年11月，十二届全国人大常委会以立法形式将12月4日设立为国家宪法日。（   ）,Y,,,,
中国特色社会主义最本质的特征是理论联系实际，一切从实际出发。（   ）,N,,,,
中国特色社会主义的最大优势是中国共产党领导。（   ）,Y,,,,
党要管党，首先要从党内政治生活管起；从严治党，首先要从党内政治生活严起。（   ）,Y,,,,
党的十九大报告指出，中国军队2020年基本实现机械化，信息化建设取得重大发展，力争到21世纪中叶，把人民军队全面建成世界一流军队。（   ）,Y,,,,
中国共产党带领中国人民创造了“两大奇迹”，一个是经济快速发展，用几十年时间走完了发达国家几百年走过的工业化路程；另一个是社会长期稳定发展。（   ）,Y,,,,
